# Blender 5.1.2
# www.blender.org
mtllib Da.mtl
o Text
v 3.567085 -0.100000 0.689979
v 3.575343 -0.100000 0.686912
v 3.582782 -0.100000 0.681797
v 3.589408 -0.100000 0.674630
v 3.595228 -0.100000 0.665407
v 3.600250 -0.100000 0.654125
v 3.604481 -0.100000 0.640781
v 3.607927 -0.100000 0.625370
v 3.610595 -0.100000 0.607891
v 3.612491 -0.100000 0.588338
v 3.613624 -0.100000 0.566709
v 3.614001 -0.100000 0.543000
v 3.613959 -0.100000 0.532167
v 3.613834 -0.100000 0.521671
v 3.613626 -0.100000 0.511516
v 3.613334 -0.100000 0.501704
v 3.612959 -0.100000 0.492239
v 3.612501 -0.100000 0.483125
v 3.611959 -0.100000 0.474365
v 3.611334 -0.100000 0.465963
v 3.610626 -0.100000 0.457922
v 3.609834 -0.100000 0.450245
v 3.608959 -0.100000 0.442937
v 3.608001 -0.100000 0.436000
v 3.583000 -0.100000 0.264000
v 3.581496 -0.100000 0.253517
v 3.579968 -0.100000 0.244056
v 3.578391 -0.100000 0.235594
v 3.576741 -0.100000 0.228111
v 3.574994 -0.100000 0.221587
v 3.573126 -0.100000 0.216000
v 3.571111 -0.100000 0.211330
v 3.568927 -0.100000 0.207556
v 3.566548 -0.100000 0.204656
v 3.563950 -0.100000 0.202611
v 3.561109 -0.100000 0.201399
v 3.558001 -0.100000 0.201000
v 3.554892 -0.100000 0.201399
v 3.552051 -0.100000 0.202611
v 3.549453 -0.100000 0.204656
v 3.547075 -0.100000 0.207556
v 3.544890 -0.100000 0.211330
v 3.542876 -0.100000 0.216000
v 3.541007 -0.100000 0.221587
v 3.539260 -0.100000 0.228111
v 3.537610 -0.100000 0.235594
v 3.536033 -0.100000 0.244056
v 3.534505 -0.100000 0.253517
v 3.533001 -0.100000 0.264000
v 3.508001 -0.100000 0.436000
v 3.507042 -0.100000 0.442937
v 3.506167 -0.100000 0.450245
v 3.505376 -0.100000 0.457922
v 3.504667 -0.100000 0.465963
v 3.504042 -0.100000 0.474365
v 3.503500 -0.100000 0.483125
v 3.503042 -0.100000 0.492239
v 3.502667 -0.100000 0.501704
v 3.502375 -0.100000 0.511516
v 3.502167 -0.100000 0.521671
v 3.502042 -0.100000 0.532167
v 3.502001 -0.100000 0.543000
v 3.502376 -0.100000 0.566709
v 3.503509 -0.100000 0.588338
v 3.505406 -0.100000 0.607891
v 3.508074 -0.100000 0.625370
v 3.511520 -0.100000 0.640781
v 3.515750 -0.100000 0.654125
v 3.520772 -0.100000 0.665407
v 3.526593 -0.100000 0.674630
v 3.533219 -0.100000 0.681797
v 3.540658 -0.100000 0.686912
v 3.548916 -0.100000 0.689979
v 3.558001 -0.100000 0.691000
v 3.618451 -0.100000 0.042887
v 3.616849 -0.100000 0.035097
v 3.614267 -0.100000 0.027703
v 3.610779 -0.100000 0.020778
v 3.606458 -0.100000 0.014394
v 3.601376 -0.100000 0.008625
v 3.595607 -0.100000 0.003543
v 3.589223 -0.100000 -0.000778
v 3.582298 -0.100000 -0.004266
v 3.574904 -0.100000 -0.006847
v 3.567114 -0.100000 -0.008450
v 3.559001 -0.100000 -0.009000
v 3.550889 -0.100000 -0.008450
v 3.543099 -0.100000 -0.006847
v 3.535704 -0.100000 -0.004266
v 3.528779 -0.100000 -0.000778
v 3.522395 -0.100000 0.003543
v 3.516626 -0.100000 0.008625
v 3.511544 -0.100000 0.014394
v 3.507223 -0.100000 0.020778
v 3.503735 -0.100000 0.027703
v 3.501154 -0.100000 0.035097
v 3.499551 -0.100000 0.042887
v 3.499001 -0.100000 0.051000
v 3.499550 -0.100000 0.059113
v 3.501153 -0.100000 0.066903
v 3.503734 -0.100000 0.074297
v 3.507222 -0.100000 0.081222
v 3.511544 -0.100000 0.087606
v 3.516625 -0.100000 0.093375
v 3.522394 -0.100000 0.098457
v 3.528778 -0.100000 0.102778
v 3.535703 -0.100000 0.106266
v 3.543098 -0.100000 0.108847
v 3.550888 -0.100000 0.110450
v 3.559001 -0.100000 0.111000
v 3.567113 -0.100000 0.110450
v 3.574903 -0.100000 0.108847
v 3.582297 -0.100000 0.106266
v 3.589222 -0.100000 0.102778
v 3.595606 -0.100000 0.098457
v 3.601375 -0.100000 0.093375
v 3.606457 -0.100000 0.087606
v 3.610778 -0.100000 0.081222
v 3.614266 -0.100000 0.074297
v 3.616848 -0.100000 0.066903
v 3.618450 -0.100000 0.059113
v 3.619001 -0.100000 0.051000
v 3.296085 -0.100000 0.689979
v 3.304343 -0.100000 0.686912
v 3.311782 -0.100000 0.681797
v 3.318408 -0.100000 0.674630
v 3.324229 -0.100000 0.665407
v 3.329251 -0.100000 0.654125
v 3.333481 -0.100000 0.640781
v 3.336927 -0.100000 0.625370
v 3.339595 -0.100000 0.607891
v 3.341491 -0.100000 0.588338
v 3.342624 -0.100000 0.566709
v 3.343001 -0.100000 0.543000
v 3.342959 -0.100000 0.532167
v 3.342834 -0.100000 0.521671
v 3.342626 -0.100000 0.511516
v 3.342334 -0.100000 0.501704
v 3.341959 -0.100000 0.492239
v 3.341501 -0.100000 0.483125
v 3.340959 -0.100000 0.474365
v 3.340334 -0.100000 0.465963
v 3.339626 -0.100000 0.457922
v 3.338834 -0.100000 0.450245
v 3.337959 -0.100000 0.442937
v 3.337001 -0.100000 0.436000
v 3.312001 -0.100000 0.264000
v 3.310497 -0.100000 0.253517
v 3.308968 -0.100000 0.244056
v 3.307391 -0.100000 0.235594
v 3.305742 -0.100000 0.228111
v 3.303994 -0.100000 0.221587
v 3.302126 -0.100000 0.216000
v 3.300111 -0.100000 0.211330
v 3.297927 -0.100000 0.207556
v 3.295548 -0.100000 0.204656
v 3.292950 -0.100000 0.202611
v 3.290109 -0.100000 0.201399
v 3.287001 -0.100000 0.201000
v 3.283892 -0.100000 0.201399
v 3.281051 -0.100000 0.202611
v 3.278454 -0.100000 0.204656
v 3.276075 -0.100000 0.207556
v 3.273890 -0.100000 0.211330
v 3.271876 -0.100000 0.216000
v 3.270007 -0.100000 0.221587
v 3.268260 -0.100000 0.228111
v 3.266610 -0.100000 0.235594
v 3.265033 -0.100000 0.244056
v 3.263505 -0.100000 0.253517
v 3.262001 -0.100000 0.264000
v 3.237001 -0.100000 0.436000
v 3.236042 -0.100000 0.442937
v 3.235167 -0.100000 0.450245
v 3.234376 -0.100000 0.457922
v 3.233667 -0.100000 0.465963
v 3.233042 -0.100000 0.474365
v 3.232500 -0.100000 0.483125
v 3.232042 -0.100000 0.492239
v 3.231667 -0.100000 0.501704
v 3.231375 -0.100000 0.511516
v 3.231167 -0.100000 0.521671
v 3.231042 -0.100000 0.532167
v 3.231001 -0.100000 0.543000
v 3.231376 -0.100000 0.566709
v 3.232509 -0.100000 0.588338
v 3.234406 -0.100000 0.607891
v 3.237074 -0.100000 0.625370
v 3.240520 -0.100000 0.640781
v 3.244750 -0.100000 0.654125
v 3.249772 -0.100000 0.665407
v 3.255593 -0.100000 0.674630
v 3.262219 -0.100000 0.681797
v 3.269658 -0.100000 0.686912
v 3.277916 -0.100000 0.689979
v 3.287001 -0.100000 0.691000
v 3.347451 -0.100000 0.042887
v 3.345849 -0.100000 0.035097
v 3.343267 -0.100000 0.027703
v 3.339779 -0.100000 0.020778
v 3.335458 -0.100000 0.014394
v 3.330376 -0.100000 0.008625
v 3.324607 -0.100000 0.003543
v 3.318223 -0.100000 -0.000778
v 3.311298 -0.100000 -0.004266
v 3.303904 -0.100000 -0.006847
v 3.296114 -0.100000 -0.008450
v 3.288001 -0.100000 -0.009000
v 3.279889 -0.100000 -0.008450
v 3.272099 -0.100000 -0.006847
v 3.264704 -0.100000 -0.004266
v 3.257779 -0.100000 -0.000778
v 3.251395 -0.100000 0.003543
v 3.245626 -0.100000 0.008625
v 3.240545 -0.100000 0.014394
v 3.236223 -0.100000 0.020778
v 3.232735 -0.100000 0.027703
v 3.230154 -0.100000 0.035097
v 3.228551 -0.100000 0.042887
v 3.228001 -0.100000 0.051000
v 3.228550 -0.100000 0.059113
v 3.230153 -0.100000 0.066903
v 3.232734 -0.100000 0.074297
v 3.236223 -0.100000 0.081222
v 3.240544 -0.100000 0.087606
v 3.245625 -0.100000 0.093375
v 3.251395 -0.100000 0.098457
v 3.257778 -0.100000 0.102778
v 3.264704 -0.100000 0.106266
v 3.272098 -0.100000 0.108847
v 3.279888 -0.100000 0.110450
v 3.288001 -0.100000 0.111000
v 3.296113 -0.100000 0.110450
v 3.303903 -0.100000 0.108847
v 3.311297 -0.100000 0.106266
v 3.318222 -0.100000 0.102778
v 3.324606 -0.100000 0.098457
v 3.330375 -0.100000 0.093375
v 3.335457 -0.100000 0.087606
v 3.339778 -0.100000 0.081222
v 3.343266 -0.100000 0.074297
v 3.345848 -0.100000 0.066903
v 3.347450 -0.100000 0.059113
v 3.348001 -0.100000 0.051000
v 3.025085 -0.100000 0.689979
v 3.033343 -0.100000 0.686912
v 3.040782 -0.100000 0.681797
v 3.047408 -0.100000 0.674630
v 3.053229 -0.100000 0.665407
v 3.058251 -0.100000 0.654125
v 3.062481 -0.100000 0.640781
v 3.065927 -0.100000 0.625370
v 3.068595 -0.100000 0.607891
v 3.070492 -0.100000 0.588338
v 3.071625 -0.100000 0.566709
v 3.072001 -0.100000 0.543000
v 3.071959 -0.100000 0.532167
v 3.071834 -0.100000 0.521671
v 3.071626 -0.100000 0.511516
v 3.071334 -0.100000 0.501704
v 3.070959 -0.100000 0.492239
v 3.070501 -0.100000 0.483125
v 3.069959 -0.100000 0.474365
v 3.069334 -0.100000 0.465963
v 3.068626 -0.100000 0.457922
v 3.067834 -0.100000 0.450245
v 3.066959 -0.100000 0.442937
v 3.066001 -0.100000 0.436000
v 3.041001 -0.100000 0.264000
v 3.039497 -0.100000 0.253517
v 3.037968 -0.100000 0.244056
v 3.036391 -0.100000 0.235594
v 3.034742 -0.100000 0.228111
v 3.032995 -0.100000 0.221587
v 3.031126 -0.100000 0.216000
v 3.029111 -0.100000 0.211330
v 3.026927 -0.100000 0.207556
v 3.024548 -0.100000 0.204656
v 3.021950 -0.100000 0.202611
v 3.019109 -0.100000 0.201399
v 3.016001 -0.100000 0.201000
v 3.012892 -0.100000 0.201399
v 3.010051 -0.100000 0.202611
v 3.007454 -0.100000 0.204656
v 3.005075 -0.100000 0.207556
v 3.002890 -0.100000 0.211330
v 3.000876 -0.100000 0.216000
v 2.999007 -0.100000 0.221587
v 2.997260 -0.100000 0.228111
v 2.995610 -0.100000 0.235594
v 2.994033 -0.100000 0.244056
v 2.992505 -0.100000 0.253517
v 2.991001 -0.100000 0.264000
v 2.966001 -0.100000 0.436000
v 2.965042 -0.100000 0.442937
v 2.964167 -0.100000 0.450245
v 2.963376 -0.100000 0.457922
v 2.962667 -0.100000 0.465963
v 2.962042 -0.100000 0.474365
v 2.961500 -0.100000 0.483125
v 2.961042 -0.100000 0.492239
v 2.960667 -0.100000 0.501704
v 2.960376 -0.100000 0.511516
v 2.960167 -0.100000 0.521671
v 2.960042 -0.100000 0.532167
v 2.960001 -0.100000 0.543000
v 2.960377 -0.100000 0.566709
v 2.961509 -0.100000 0.588338
v 2.963406 -0.100000 0.607891
v 2.966074 -0.100000 0.625370
v 2.969520 -0.100000 0.640781
v 2.973750 -0.100000 0.654125
v 2.978772 -0.100000 0.665407
v 2.984593 -0.100000 0.674630
v 2.991219 -0.100000 0.681797
v 2.998658 -0.100000 0.686912
v 3.006916 -0.100000 0.689979
v 3.016001 -0.100000 0.691000
v 3.076452 -0.100000 0.042887
v 3.074849 -0.100000 0.035097
v 3.072267 -0.100000 0.027703
v 3.068779 -0.100000 0.020778
v 3.064458 -0.100000 0.014394
v 3.059376 -0.100000 0.008625
v 3.053607 -0.100000 0.003543
v 3.047223 -0.100000 -0.000778
v 3.040298 -0.100000 -0.004266
v 3.032904 -0.100000 -0.006847
v 3.025114 -0.100000 -0.008450
v 3.017001 -0.100000 -0.009000
v 3.008889 -0.100000 -0.008450
v 3.001099 -0.100000 -0.006847
v 2.993705 -0.100000 -0.004266
v 2.986779 -0.100000 -0.000778
v 2.980396 -0.100000 0.003543
v 2.974626 -0.100000 0.008625
v 2.969545 -0.100000 0.014394
v 2.965224 -0.100000 0.020778
v 2.961735 -0.100000 0.027703
v 2.959154 -0.100000 0.035097
v 2.957551 -0.100000 0.042887
v 2.957001 -0.100000 0.051000
v 2.957550 -0.100000 0.059113
v 2.959153 -0.100000 0.066903
v 2.961735 -0.100000 0.074297
v 2.965223 -0.100000 0.081222
v 2.969544 -0.100000 0.087606
v 2.974625 -0.100000 0.093375
v 2.980395 -0.100000 0.098457
v 2.986778 -0.100000 0.102778
v 2.993704 -0.100000 0.106266
v 3.001098 -0.100000 0.108847
v 3.008888 -0.100000 0.110450
v 3.017001 -0.100000 0.111000
v 3.025113 -0.100000 0.110450
v 3.032903 -0.100000 0.108847
v 3.040297 -0.100000 0.106266
v 3.047222 -0.100000 0.102778
v 3.053606 -0.100000 0.098457
v 3.059376 -0.100000 0.093375
v 3.064457 -0.100000 0.087606
v 3.068778 -0.100000 0.081222
v 3.072266 -0.100000 0.074297
v 3.074848 -0.100000 0.066903
v 3.076451 -0.100000 0.059113
v 3.077001 -0.100000 0.051000
v 2.781000 -0.100000 -0.000000
v 2.690000 -0.100000 0.201000
v 2.400000 -0.100000 0.201000
v 2.314000 -0.100000 -0.000000
v 2.214000 -0.100000 -0.000000
v 2.507001 -0.100000 0.686000
v 2.576000 -0.100000 0.686000
v 2.881001 -0.100000 -0.000000
v 2.650000 -0.100000 0.289000
v 2.540001 -0.100000 0.536000
v 2.438000 -0.100000 0.289000
v 2.022570 -0.100000 0.680206
v 2.054811 -0.100000 0.674982
v 2.083766 -0.100000 0.666563
v 2.109482 -0.100000 0.655185
v 2.132004 -0.100000 0.641086
v 2.151376 -0.100000 0.624500
v 2.167643 -0.100000 0.605664
v 2.180852 -0.100000 0.584815
v 2.191047 -0.100000 0.562188
v 2.198273 -0.100000 0.538019
v 2.202576 -0.100000 0.512544
v 2.204000 -0.100000 0.486000
v 2.202491 -0.100000 0.459765
v 2.197934 -0.100000 0.434699
v 2.190281 -0.100000 0.411016
v 2.179481 -0.100000 0.388926
v 2.165487 -0.100000 0.368642
v 2.148249 -0.100000 0.350375
v 2.127721 -0.100000 0.334337
v 2.103852 -0.100000 0.320741
v 2.076594 -0.100000 0.309797
v 2.045898 -0.100000 0.301718
v 2.011717 -0.100000 0.296715
v 1.974000 -0.100000 0.295000
v 1.872000 -0.100000 0.295000
v 1.872000 -0.100000 -0.000000
v 1.774000 -0.100000 -0.000000
v 1.774000 -0.100000 0.682000
v 1.987000 -0.100000 0.682000
v 1.983000 -0.100000 0.383000
v 2.000696 -0.100000 0.383807
v 2.017236 -0.100000 0.386204
v 2.032547 -0.100000 0.390156
v 2.046556 -0.100000 0.395630
v 2.059190 -0.100000 0.402589
v 2.070375 -0.100000 0.411000
v 2.080040 -0.100000 0.420828
v 2.088112 -0.100000 0.432037
v 2.094516 -0.100000 0.444594
v 2.099181 -0.100000 0.458463
v 2.102033 -0.100000 0.473610
v 2.103000 -0.100000 0.490000
v 2.102418 -0.100000 0.502550
v 2.100589 -0.100000 0.515065
v 2.097391 -0.100000 0.527344
v 2.092705 -0.100000 0.539185
v 2.086406 -0.100000 0.550388
v 2.078376 -0.100000 0.560750
v 2.068491 -0.100000 0.570071
v 2.056630 -0.100000 0.578148
v 2.042672 -0.100000 0.584781
v 2.026496 -0.100000 0.589769
v 2.007979 -0.100000 0.592909
v 1.987000 -0.100000 0.594000
v 1.872000 -0.100000 0.594000
v 1.872000 -0.100000 0.383000
v 1.309041 -0.100000 0.365520
v 1.306245 -0.100000 0.351662
v 1.301734 -0.100000 0.338547
v 1.295629 -0.100000 0.326296
v 1.288052 -0.100000 0.315032
v 1.279124 -0.100000 0.304875
v 1.268968 -0.100000 0.295947
v 1.257704 -0.100000 0.288370
v 1.245453 -0.100000 0.282266
v 1.232338 -0.100000 0.277755
v 1.218480 -0.100000 0.274959
v 1.204000 -0.100000 0.274000
v 1.189520 -0.100000 0.274959
v 1.175662 -0.100000 0.277755
v 1.162547 -0.100000 0.282266
v 1.150296 -0.100000 0.288370
v 1.139032 -0.100000 0.295947
v 1.128875 -0.100000 0.304875
v 1.119948 -0.100000 0.315032
v 1.112371 -0.100000 0.326296
v 1.106266 -0.100000 0.338547
v 1.101755 -0.100000 0.351662
v 1.098959 -0.100000 0.365520
v 1.098000 -0.100000 0.380000
v 1.098960 -0.100000 0.394480
v 1.101755 -0.100000 0.408338
v 1.106266 -0.100000 0.421453
v 1.112371 -0.100000 0.433704
v 1.119948 -0.100000 0.444968
v 1.128876 -0.100000 0.455125
v 1.139033 -0.100000 0.464053
v 1.150297 -0.100000 0.471630
v 1.162547 -0.100000 0.477734
v 1.175662 -0.100000 0.482245
v 1.189521 -0.100000 0.485041
v 1.204000 -0.100000 0.486000
v 1.218480 -0.100000 0.485041
v 1.232339 -0.100000 0.482245
v 1.245454 -0.100000 0.477734
v 1.257704 -0.100000 0.471630
v 1.268968 -0.100000 0.464053
v 1.279125 -0.100000 0.455125
v 1.288053 -0.100000 0.444968
v 1.295630 -0.100000 0.433704
v 1.301735 -0.100000 0.421453
v 1.306246 -0.100000 0.408338
v 1.309041 -0.100000 0.394480
v 1.310000 -0.100000 0.380000
v 0.604000 -0.100000 -0.000000
v 0.513000 -0.100000 0.201000
v 0.223000 -0.100000 0.201000
v 0.137000 -0.100000 -0.000000
v 0.037000 -0.100000 -0.000000
v 0.330000 -0.100000 0.686000
v 0.399000 -0.100000 0.686000
v 0.704000 -0.100000 -0.000000
v 0.473000 -0.100000 0.289000
v 0.363000 -0.100000 0.536000
v 0.261000 -0.100000 0.289000
v -0.372000 -0.100000 0.682000
v -0.311920 -0.100000 0.678365
v -0.257611 -0.100000 0.667921
v -0.208968 -0.100000 0.651359
v -0.165889 -0.100000 0.629370
v -0.128267 -0.100000 0.602645
v -0.096000 -0.100000 0.571875
v -0.068982 -0.100000 0.537751
v -0.047111 -0.100000 0.500963
v -0.030281 -0.100000 0.462203
v -0.018389 -0.100000 0.422162
v -0.011330 -0.100000 0.381531
v -0.009000 -0.100000 0.341000
v -0.011826 -0.100000 0.297528
v -0.020190 -0.100000 0.254977
v -0.033922 -0.100000 0.213891
v -0.052852 -0.100000 0.174815
v -0.076810 -0.100000 0.138295
v -0.105625 -0.100000 0.104875
v -0.139128 -0.100000 0.075101
v -0.177148 -0.100000 0.049519
v -0.219516 -0.100000 0.028672
v -0.266060 -0.100000 0.013106
v -0.316612 -0.100000 0.003367
v -0.371000 -0.100000 -0.000000
v -0.637000 -0.100000 -0.000000
v -0.637000 -0.100000 0.682000
v -0.383000 -0.100000 0.088000
v -0.330993 -0.100000 0.091374
v -0.285694 -0.100000 0.100907
v -0.246687 -0.100000 0.115719
v -0.213556 -0.100000 0.134926
v -0.185882 -0.100000 0.157647
v -0.163250 -0.100000 0.183000
v -0.145243 -0.100000 0.210103
v -0.131444 -0.100000 0.238074
v -0.121437 -0.100000 0.266031
v -0.114805 -0.100000 0.293093
v -0.111132 -0.100000 0.318376
v -0.110000 -0.100000 0.341000
v -0.111822 -0.100000 0.374758
v -0.117328 -0.100000 0.407310
v -0.126578 -0.100000 0.438328
v -0.139629 -0.100000 0.467481
v -0.156542 -0.100000 0.494440
v -0.177375 -0.100000 0.518875
v -0.202187 -0.100000 0.540455
v -0.231037 -0.100000 0.558852
v -0.263984 -0.100000 0.573734
v -0.301088 -0.100000 0.584773
v -0.342407 -0.100000 0.591638
v -0.388000 -0.100000 0.594000
v -0.539000 -0.100000 0.594000
v -0.539000 -0.100000 0.088000
v -1.107959 -0.100000 0.365520
v -1.110755 -0.100000 0.351662
v -1.115266 -0.100000 0.338547
v -1.121370 -0.100000 0.326296
v -1.128947 -0.100000 0.315032
v -1.137875 -0.100000 0.304875
v -1.148032 -0.100000 0.295947
v -1.159296 -0.100000 0.288370
v -1.171547 -0.100000 0.282266
v -1.184662 -0.100000 0.277755
v -1.198520 -0.100000 0.274959
v -1.213000 -0.100000 0.274000
v -1.227480 -0.100000 0.274959
v -1.241338 -0.100000 0.277755
v -1.254453 -0.100000 0.282266
v -1.266703 -0.100000 0.288370
v -1.277968 -0.100000 0.295947
v -1.288125 -0.100000 0.304875
v -1.297053 -0.100000 0.315032
v -1.304629 -0.100000 0.326296
v -1.310734 -0.100000 0.338547
v -1.315245 -0.100000 0.351662
v -1.318041 -0.100000 0.365520
v -1.319000 -0.100000 0.380000
v -1.318041 -0.100000 0.394480
v -1.315245 -0.100000 0.408338
v -1.310734 -0.100000 0.421453
v -1.304629 -0.100000 0.433704
v -1.297053 -0.100000 0.444968
v -1.288125 -0.100000 0.455125
v -1.277968 -0.100000 0.464053
v -1.266703 -0.100000 0.471630
v -1.254453 -0.100000 0.477734
v -1.241338 -0.100000 0.482245
v -1.227480 -0.100000 0.485041
v -1.213000 -0.100000 0.486000
v -1.198520 -0.100000 0.485041
v -1.184662 -0.100000 0.482245
v -1.171547 -0.100000 0.477734
v -1.159296 -0.100000 0.471630
v -1.148032 -0.100000 0.464053
v -1.137875 -0.100000 0.455125
v -1.128947 -0.100000 0.444968
v -1.121370 -0.100000 0.433704
v -1.115265 -0.100000 0.421453
v -1.110754 -0.100000 0.408338
v -1.107959 -0.100000 0.394480
v -1.107000 -0.100000 0.380000
v -1.813000 -0.100000 -0.000000
v -1.904000 -0.100000 0.201000
v -2.194000 -0.100000 0.201000
v -2.280000 -0.100000 -0.000000
v -2.380000 -0.100000 -0.000000
v -2.087000 -0.100000 0.686000
v -2.018000 -0.100000 0.686000
v -1.713000 -0.100000 -0.000000
v -1.944000 -0.100000 0.289000
v -2.054000 -0.100000 0.536000
v -2.156000 -0.100000 0.289000
v -2.789000 -0.100000 0.682000
v -2.728920 -0.100000 0.678365
v -2.674611 -0.100000 0.667921
v -2.625968 -0.100000 0.651359
v -2.582889 -0.100000 0.629370
v -2.545267 -0.100000 0.602645
v -2.513000 -0.100000 0.571875
v -2.485982 -0.100000 0.537751
v -2.464111 -0.100000 0.500963
v -2.447281 -0.100000 0.462203
v -2.435389 -0.100000 0.422162
v -2.428330 -0.100000 0.381531
v -2.426000 -0.100000 0.341000
v -2.428826 -0.100000 0.297528
v -2.437190 -0.100000 0.254977
v -2.450922 -0.100000 0.213891
v -2.469852 -0.100000 0.174815
v -2.493809 -0.100000 0.138295
v -2.522625 -0.100000 0.104875
v -2.556128 -0.100000 0.075101
v -2.594148 -0.100000 0.049519
v -2.636516 -0.100000 0.028672
v -2.683060 -0.100000 0.013106
v -2.733612 -0.100000 0.003367
v -2.788000 -0.100000 -0.000000
v -3.054000 -0.100000 -0.000000
v -3.054000 -0.100000 0.682000
v -2.800000 -0.100000 0.088000
v -2.747993 -0.100000 0.091374
v -2.702694 -0.100000 0.100907
v -2.663687 -0.100000 0.115719
v -2.630555 -0.100000 0.134926
v -2.602882 -0.100000 0.157647
v -2.580250 -0.100000 0.183000
v -2.562243 -0.100000 0.210103
v -2.548444 -0.100000 0.238074
v -2.538437 -0.100000 0.266031
v -2.531806 -0.100000 0.293093
v -2.528132 -0.100000 0.318376
v -2.527000 -0.100000 0.341000
v -2.528822 -0.100000 0.374758
v -2.534328 -0.100000 0.407310
v -2.543578 -0.100000 0.438328
v -2.556629 -0.100000 0.467481
v -2.573542 -0.100000 0.494440
v -2.594375 -0.100000 0.518875
v -2.619187 -0.100000 0.540455
v -2.648037 -0.100000 0.558852
v -2.680984 -0.100000 0.573734
v -2.718088 -0.100000 0.584773
v -2.759407 -0.100000 0.591638
v -2.805000 -0.100000 0.594000
v -2.956000 -0.100000 0.594000
v -2.956000 -0.100000 0.088000
v 3.567085 0.100000 0.689979
v 3.575343 0.100000 0.686912
v 3.582782 0.100000 0.681797
v 3.589408 0.100000 0.674630
v 3.595228 0.100000 0.665407
v 3.600250 0.100000 0.654125
v 3.604481 0.100000 0.640781
v 3.607927 0.100000 0.625370
v 3.610595 0.100000 0.607891
v 3.612491 0.100000 0.588338
v 3.613624 0.100000 0.566709
v 3.614001 0.100000 0.543000
v 3.613959 0.100000 0.532167
v 3.613834 0.100000 0.521671
v 3.613626 0.100000 0.511516
v 3.613334 0.100000 0.501704
v 3.612959 0.100000 0.492239
v 3.612501 0.100000 0.483125
v 3.611959 0.100000 0.474365
v 3.611334 0.100000 0.465963
v 3.610626 0.100000 0.457922
v 3.609834 0.100000 0.450245
v 3.608959 0.100000 0.442937
v 3.608001 0.100000 0.436000
v 3.583000 0.100000 0.264000
v 3.581496 0.100000 0.253517
v 3.579968 0.100000 0.244056
v 3.578391 0.100000 0.235594
v 3.576741 0.100000 0.228111
v 3.574994 0.100000 0.221587
v 3.573126 0.100000 0.216000
v 3.571111 0.100000 0.211330
v 3.568927 0.100000 0.207556
v 3.566548 0.100000 0.204656
v 3.563950 0.100000 0.202611
v 3.561109 0.100000 0.201399
v 3.558001 0.100000 0.201000
v 3.554892 0.100000 0.201399
v 3.552051 0.100000 0.202611
v 3.549453 0.100000 0.204656
v 3.547075 0.100000 0.207556
v 3.544890 0.100000 0.211330
v 3.542876 0.100000 0.216000
v 3.541007 0.100000 0.221587
v 3.539260 0.100000 0.228111
v 3.537610 0.100000 0.235594
v 3.536033 0.100000 0.244056
v 3.534505 0.100000 0.253517
v 3.533001 0.100000 0.264000
v 3.508001 0.100000 0.436000
v 3.507042 0.100000 0.442937
v 3.506167 0.100000 0.450245
v 3.505376 0.100000 0.457922
v 3.504667 0.100000 0.465963
v 3.504042 0.100000 0.474365
v 3.503500 0.100000 0.483125
v 3.503042 0.100000 0.492239
v 3.502667 0.100000 0.501704
v 3.502375 0.100000 0.511516
v 3.502167 0.100000 0.521671
v 3.502042 0.100000 0.532167
v 3.502001 0.100000 0.543000
v 3.502376 0.100000 0.566709
v 3.503509 0.100000 0.588338
v 3.505406 0.100000 0.607891
v 3.508074 0.100000 0.625370
v 3.511520 0.100000 0.640781
v 3.515750 0.100000 0.654125
v 3.520772 0.100000 0.665407
v 3.526593 0.100000 0.674630
v 3.533219 0.100000 0.681797
v 3.540658 0.100000 0.686912
v 3.548916 0.100000 0.689979
v 3.558001 0.100000 0.691000
v 3.618451 0.100000 0.042887
v 3.616849 0.100000 0.035097
v 3.614267 0.100000 0.027703
v 3.610779 0.100000 0.020778
v 3.606458 0.100000 0.014394
v 3.601376 0.100000 0.008625
v 3.595607 0.100000 0.003543
v 3.589223 0.100000 -0.000778
v 3.582298 0.100000 -0.004266
v 3.574904 0.100000 -0.006847
v 3.567114 0.100000 -0.008450
v 3.559001 0.100000 -0.009000
v 3.550889 0.100000 -0.008450
v 3.543099 0.100000 -0.006847
v 3.535704 0.100000 -0.004266
v 3.528779 0.100000 -0.000778
v 3.522395 0.100000 0.003543
v 3.516626 0.100000 0.008625
v 3.511544 0.100000 0.014394
v 3.507223 0.100000 0.020778
v 3.503735 0.100000 0.027703
v 3.501154 0.100000 0.035097
v 3.499551 0.100000 0.042887
v 3.499001 0.100000 0.051000
v 3.499550 0.100000 0.059113
v 3.501153 0.100000 0.066903
v 3.503734 0.100000 0.074297
v 3.507222 0.100000 0.081222
v 3.511544 0.100000 0.087606
v 3.516625 0.100000 0.093375
v 3.522394 0.100000 0.098457
v 3.528778 0.100000 0.102778
v 3.535703 0.100000 0.106266
v 3.543098 0.100000 0.108847
v 3.550888 0.100000 0.110450
v 3.559001 0.100000 0.111000
v 3.567113 0.100000 0.110450
v 3.574903 0.100000 0.108847
v 3.582297 0.100000 0.106266
v 3.589222 0.100000 0.102778
v 3.595606 0.100000 0.098457
v 3.601375 0.100000 0.093375
v 3.606457 0.100000 0.087606
v 3.610778 0.100000 0.081222
v 3.614266 0.100000 0.074297
v 3.616848 0.100000 0.066903
v 3.618450 0.100000 0.059113
v 3.619001 0.100000 0.051000
v 3.296085 0.100000 0.689979
v 3.304343 0.100000 0.686912
v 3.311782 0.100000 0.681797
v 3.318408 0.100000 0.674630
v 3.324229 0.100000 0.665407
v 3.329251 0.100000 0.654125
v 3.333481 0.100000 0.640781
v 3.336927 0.100000 0.625370
v 3.339595 0.100000 0.607891
v 3.341491 0.100000 0.588338
v 3.342624 0.100000 0.566709
v 3.343001 0.100000 0.543000
v 3.342959 0.100000 0.532167
v 3.342834 0.100000 0.521671
v 3.342626 0.100000 0.511516
v 3.342334 0.100000 0.501704
v 3.341959 0.100000 0.492239
v 3.341501 0.100000 0.483125
v 3.340959 0.100000 0.474365
v 3.340334 0.100000 0.465963
v 3.339626 0.100000 0.457922
v 3.338834 0.100000 0.450245
v 3.337959 0.100000 0.442937
v 3.337001 0.100000 0.436000
v 3.312001 0.100000 0.264000
v 3.310497 0.100000 0.253517
v 3.308968 0.100000 0.244056
v 3.307391 0.100000 0.235594
v 3.305742 0.100000 0.228111
v 3.303994 0.100000 0.221587
v 3.302126 0.100000 0.216000
v 3.300111 0.100000 0.211330
v 3.297927 0.100000 0.207556
v 3.295548 0.100000 0.204656
v 3.292950 0.100000 0.202611
v 3.290109 0.100000 0.201399
v 3.287001 0.100000 0.201000
v 3.283892 0.100000 0.201399
v 3.281051 0.100000 0.202611
v 3.278454 0.100000 0.204656
v 3.276075 0.100000 0.207556
v 3.273890 0.100000 0.211330
v 3.271876 0.100000 0.216000
v 3.270007 0.100000 0.221587
v 3.268260 0.100000 0.228111
v 3.266610 0.100000 0.235594
v 3.265033 0.100000 0.244056
v 3.263505 0.100000 0.253517
v 3.262001 0.100000 0.264000
v 3.237001 0.100000 0.436000
v 3.236042 0.100000 0.442937
v 3.235167 0.100000 0.450245
v 3.234376 0.100000 0.457922
v 3.233667 0.100000 0.465963
v 3.233042 0.100000 0.474365
v 3.232500 0.100000 0.483125
v 3.232042 0.100000 0.492239
v 3.231667 0.100000 0.501704
v 3.231375 0.100000 0.511516
v 3.231167 0.100000 0.521671
v 3.231042 0.100000 0.532167
v 3.231001 0.100000 0.543000
v 3.231376 0.100000 0.566709
v 3.232509 0.100000 0.588338
v 3.234406 0.100000 0.607891
v 3.237074 0.100000 0.625370
v 3.240520 0.100000 0.640781
v 3.244750 0.100000 0.654125
v 3.249772 0.100000 0.665407
v 3.255593 0.100000 0.674630
v 3.262219 0.100000 0.681797
v 3.269658 0.100000 0.686912
v 3.277916 0.100000 0.689979
v 3.287001 0.100000 0.691000
v 3.347451 0.100000 0.042887
v 3.345849 0.100000 0.035097
v 3.343267 0.100000 0.027703
v 3.339779 0.100000 0.020778
v 3.335458 0.100000 0.014394
v 3.330376 0.100000 0.008625
v 3.324607 0.100000 0.003543
v 3.318223 0.100000 -0.000778
v 3.311298 0.100000 -0.004266
v 3.303904 0.100000 -0.006847
v 3.296114 0.100000 -0.008450
v 3.288001 0.100000 -0.009000
v 3.279889 0.100000 -0.008450
v 3.272099 0.100000 -0.006847
v 3.264704 0.100000 -0.004266
v 3.257779 0.100000 -0.000778
v 3.251395 0.100000 0.003543
v 3.245626 0.100000 0.008625
v 3.240545 0.100000 0.014394
v 3.236223 0.100000 0.020778
v 3.232735 0.100000 0.027703
v 3.230154 0.100000 0.035097
v 3.228551 0.100000 0.042887
v 3.228001 0.100000 0.051000
v 3.228550 0.100000 0.059113
v 3.230153 0.100000 0.066903
v 3.232734 0.100000 0.074297
v 3.236223 0.100000 0.081222
v 3.240544 0.100000 0.087606
v 3.245625 0.100000 0.093375
v 3.251395 0.100000 0.098457
v 3.257778 0.100000 0.102778
v 3.264704 0.100000 0.106266
v 3.272098 0.100000 0.108847
v 3.279888 0.100000 0.110450
v 3.288001 0.100000 0.111000
v 3.296113 0.100000 0.110450
v 3.303903 0.100000 0.108847
v 3.311297 0.100000 0.106266
v 3.318222 0.100000 0.102778
v 3.324606 0.100000 0.098457
v 3.330375 0.100000 0.093375
v 3.335457 0.100000 0.087606
v 3.339778 0.100000 0.081222
v 3.343266 0.100000 0.074297
v 3.345848 0.100000 0.066903
v 3.347450 0.100000 0.059113
v 3.348001 0.100000 0.051000
v 3.025085 0.100000 0.689979
v 3.033343 0.100000 0.686912
v 3.040782 0.100000 0.681797
v 3.047408 0.100000 0.674630
v 3.053229 0.100000 0.665407
v 3.058251 0.100000 0.654125
v 3.062481 0.100000 0.640781
v 3.065927 0.100000 0.625370
v 3.068595 0.100000 0.607891
v 3.070492 0.100000 0.588338
v 3.071625 0.100000 0.566709
v 3.072001 0.100000 0.543000
v 3.071959 0.100000 0.532167
v 3.071834 0.100000 0.521671
v 3.071626 0.100000 0.511516
v 3.071334 0.100000 0.501704
v 3.070959 0.100000 0.492239
v 3.070501 0.100000 0.483125
v 3.069959 0.100000 0.474365
v 3.069334 0.100000 0.465963
v 3.068626 0.100000 0.457922
v 3.067834 0.100000 0.450245
v 3.066959 0.100000 0.442937
v 3.066001 0.100000 0.436000
v 3.041001 0.100000 0.264000
v 3.039497 0.100000 0.253517
v 3.037968 0.100000 0.244056
v 3.036391 0.100000 0.235594
v 3.034742 0.100000 0.228111
v 3.032995 0.100000 0.221587
v 3.031126 0.100000 0.216000
v 3.029111 0.100000 0.211330
v 3.026927 0.100000 0.207556
v 3.024548 0.100000 0.204656
v 3.021950 0.100000 0.202611
v 3.019109 0.100000 0.201399
v 3.016001 0.100000 0.201000
v 3.012892 0.100000 0.201399
v 3.010051 0.100000 0.202611
v 3.007454 0.100000 0.204656
v 3.005075 0.100000 0.207556
v 3.002890 0.100000 0.211330
v 3.000876 0.100000 0.216000
v 2.999007 0.100000 0.221587
v 2.997260 0.100000 0.228111
v 2.995610 0.100000 0.235594
v 2.994033 0.100000 0.244056
v 2.992505 0.100000 0.253517
v 2.991001 0.100000 0.264000
v 2.966001 0.100000 0.436000
v 2.965042 0.100000 0.442937
v 2.964167 0.100000 0.450245
v 2.963376 0.100000 0.457922
v 2.962667 0.100000 0.465963
v 2.962042 0.100000 0.474365
v 2.961500 0.100000 0.483125
v 2.961042 0.100000 0.492239
v 2.960667 0.100000 0.501704
v 2.960376 0.100000 0.511516
v 2.960167 0.100000 0.521671
v 2.960042 0.100000 0.532167
v 2.960001 0.100000 0.543000
v 2.960377 0.100000 0.566709
v 2.961509 0.100000 0.588338
v 2.963406 0.100000 0.607891
v 2.966074 0.100000 0.625370
v 2.969520 0.100000 0.640781
v 2.973750 0.100000 0.654125
v 2.978772 0.100000 0.665407
v 2.984593 0.100000 0.674630
v 2.991219 0.100000 0.681797
v 2.998658 0.100000 0.686912
v 3.006916 0.100000 0.689979
v 3.016001 0.100000 0.691000
v 3.076452 0.100000 0.042887
v 3.074849 0.100000 0.035097
v 3.072267 0.100000 0.027703
v 3.068779 0.100000 0.020778
v 3.064458 0.100000 0.014394
v 3.059376 0.100000 0.008625
v 3.053607 0.100000 0.003543
v 3.047223 0.100000 -0.000778
v 3.040298 0.100000 -0.004266
v 3.032904 0.100000 -0.006847
v 3.025114 0.100000 -0.008450
v 3.017001 0.100000 -0.009000
v 3.008889 0.100000 -0.008450
v 3.001099 0.100000 -0.006847
v 2.993705 0.100000 -0.004266
v 2.986779 0.100000 -0.000778
v 2.980396 0.100000 0.003543
v 2.974626 0.100000 0.008625
v 2.969545 0.100000 0.014394
v 2.965224 0.100000 0.020778
v 2.961735 0.100000 0.027703
v 2.959154 0.100000 0.035097
v 2.957551 0.100000 0.042887
v 2.957001 0.100000 0.051000
v 2.957550 0.100000 0.059113
v 2.959153 0.100000 0.066903
v 2.961735 0.100000 0.074297
v 2.965223 0.100000 0.081222
v 2.969544 0.100000 0.087606
v 2.974625 0.100000 0.093375
v 2.980395 0.100000 0.098457
v 2.986778 0.100000 0.102778
v 2.993704 0.100000 0.106266
v 3.001098 0.100000 0.108847
v 3.008888 0.100000 0.110450
v 3.017001 0.100000 0.111000
v 3.025113 0.100000 0.110450
v 3.032903 0.100000 0.108847
v 3.040297 0.100000 0.106266
v 3.047222 0.100000 0.102778
v 3.053606 0.100000 0.098457
v 3.059376 0.100000 0.093375
v 3.064457 0.100000 0.087606
v 3.068778 0.100000 0.081222
v 3.072266 0.100000 0.074297
v 3.074848 0.100000 0.066903
v 3.076451 0.100000 0.059113
v 3.077001 0.100000 0.051000
v 2.781000 0.100000 0.000000
v 2.690000 0.100000 0.201000
v 2.400000 0.100000 0.201000
v 2.314000 0.100000 0.000000
v 2.214000 0.100000 0.000000
v 2.507001 0.100000 0.686000
v 2.576000 0.100000 0.686000
v 2.881001 0.100000 0.000000
v 2.650000 0.100000 0.289000
v 2.540001 0.100000 0.536000
v 2.438000 0.100000 0.289000
v 2.022570 0.100000 0.680206
v 2.054811 0.100000 0.674982
v 2.083766 0.100000 0.666563
v 2.109482 0.100000 0.655185
v 2.132004 0.100000 0.641086
v 2.151376 0.100000 0.624500
v 2.167643 0.100000 0.605664
v 2.180852 0.100000 0.584815
v 2.191047 0.100000 0.562188
v 2.198273 0.100000 0.538019
v 2.202576 0.100000 0.512544
v 2.204000 0.100000 0.486000
v 2.202491 0.100000 0.459765
v 2.197934 0.100000 0.434699
v 2.190281 0.100000 0.411016
v 2.179481 0.100000 0.388926
v 2.165487 0.100000 0.368642
v 2.148249 0.100000 0.350375
v 2.127721 0.100000 0.334337
v 2.103852 0.100000 0.320741
v 2.076594 0.100000 0.309797
v 2.045898 0.100000 0.301718
v 2.011717 0.100000 0.296715
v 1.974000 0.100000 0.295000
v 1.872000 0.100000 0.295000
v 1.872000 0.100000 0.000000
v 1.774000 0.100000 0.000000
v 1.774000 0.100000 0.682000
v 1.987000 0.100000 0.682000
v 1.983000 0.100000 0.383000
v 2.000696 0.100000 0.383807
v 2.017236 0.100000 0.386204
v 2.032547 0.100000 0.390156
v 2.046556 0.100000 0.395630
v 2.059190 0.100000 0.402589
v 2.070375 0.100000 0.411000
v 2.080040 0.100000 0.420828
v 2.088112 0.100000 0.432037
v 2.094516 0.100000 0.444594
v 2.099181 0.100000 0.458463
v 2.102033 0.100000 0.473610
v 2.103000 0.100000 0.490000
v 2.102418 0.100000 0.502550
v 2.100589 0.100000 0.515065
v 2.097391 0.100000 0.527344
v 2.092705 0.100000 0.539185
v 2.086406 0.100000 0.550388
v 2.078376 0.100000 0.560750
v 2.068491 0.100000 0.570071
v 2.056630 0.100000 0.578148
v 2.042672 0.100000 0.584781
v 2.026496 0.100000 0.589769
v 2.007979 0.100000 0.592909
v 1.987000 0.100000 0.594000
v 1.872000 0.100000 0.594000
v 1.872000 0.100000 0.383000
v 1.309041 0.100000 0.365520
v 1.306245 0.100000 0.351662
v 1.301734 0.100000 0.338547
v 1.295629 0.100000 0.326296
v 1.288052 0.100000 0.315032
v 1.279124 0.100000 0.304875
v 1.268968 0.100000 0.295947
v 1.257704 0.100000 0.288370
v 1.245453 0.100000 0.282266
v 1.232338 0.100000 0.277755
v 1.218480 0.100000 0.274959
v 1.204000 0.100000 0.274000
v 1.189520 0.100000 0.274959
v 1.175662 0.100000 0.277755
v 1.162547 0.100000 0.282266
v 1.150296 0.100000 0.288370
v 1.139032 0.100000 0.295947
v 1.128875 0.100000 0.304875
v 1.119948 0.100000 0.315032
v 1.112371 0.100000 0.326296
v 1.106266 0.100000 0.338547
v 1.101755 0.100000 0.351662
v 1.098959 0.100000 0.365520
v 1.098000 0.100000 0.380000
v 1.098960 0.100000 0.394480
v 1.101755 0.100000 0.408338
v 1.106266 0.100000 0.421453
v 1.112371 0.100000 0.433704
v 1.119948 0.100000 0.444968
v 1.128876 0.100000 0.455125
v 1.139033 0.100000 0.464053
v 1.150297 0.100000 0.471630
v 1.162547 0.100000 0.477734
v 1.175662 0.100000 0.482245
v 1.189521 0.100000 0.485041
v 1.204000 0.100000 0.486000
v 1.218480 0.100000 0.485041
v 1.232339 0.100000 0.482245
v 1.245454 0.100000 0.477734
v 1.257704 0.100000 0.471630
v 1.268968 0.100000 0.464053
v 1.279125 0.100000 0.455125
v 1.288053 0.100000 0.444968
v 1.295630 0.100000 0.433704
v 1.301735 0.100000 0.421453
v 1.306246 0.100000 0.408338
v 1.309041 0.100000 0.394480
v 1.310000 0.100000 0.380000
v 0.604000 0.100000 0.000000
v 0.513000 0.100000 0.201000
v 0.223000 0.100000 0.201000
v 0.137000 0.100000 0.000000
v 0.037000 0.100000 0.000000
v 0.330000 0.100000 0.686000
v 0.399000 0.100000 0.686000
v 0.704000 0.100000 0.000000
v 0.473000 0.100000 0.289000
v 0.363000 0.100000 0.536000
v 0.261000 0.100000 0.289000
v -0.372000 0.100000 0.682000
v -0.311920 0.100000 0.678365
v -0.257611 0.100000 0.667921
v -0.208968 0.100000 0.651359
v -0.165889 0.100000 0.629370
v -0.128267 0.100000 0.602645
v -0.096000 0.100000 0.571875
v -0.068982 0.100000 0.537751
v -0.047111 0.100000 0.500963
v -0.030281 0.100000 0.462203
v -0.018389 0.100000 0.422162
v -0.011330 0.100000 0.381531
v -0.009000 0.100000 0.341000
v -0.011826 0.100000 0.297528
v -0.020190 0.100000 0.254977
v -0.033922 0.100000 0.213891
v -0.052852 0.100000 0.174815
v -0.076810 0.100000 0.138295
v -0.105625 0.100000 0.104875
v -0.139128 0.100000 0.075101
v -0.177148 0.100000 0.049519
v -0.219516 0.100000 0.028672
v -0.266060 0.100000 0.013106
v -0.316612 0.100000 0.003367
v -0.371000 0.100000 0.000000
v -0.637000 0.100000 0.000000
v -0.637000 0.100000 0.682000
v -0.383000 0.100000 0.088000
v -0.330993 0.100000 0.091374
v -0.285694 0.100000 0.100907
v -0.246687 0.100000 0.115719
v -0.213556 0.100000 0.134926
v -0.185882 0.100000 0.157647
v -0.163250 0.100000 0.183000
v -0.145243 0.100000 0.210103
v -0.131444 0.100000 0.238074
v -0.121437 0.100000 0.266031
v -0.114805 0.100000 0.293093
v -0.111132 0.100000 0.318376
v -0.110000 0.100000 0.341000
v -0.111822 0.100000 0.374758
v -0.117328 0.100000 0.407310
v -0.126578 0.100000 0.438328
v -0.139629 0.100000 0.467481
v -0.156542 0.100000 0.494440
v -0.177375 0.100000 0.518875
v -0.202187 0.100000 0.540455
v -0.231037 0.100000 0.558852
v -0.263984 0.100000 0.573734
v -0.301088 0.100000 0.584773
v -0.342407 0.100000 0.591638
v -0.388000 0.100000 0.594000
v -0.539000 0.100000 0.594000
v -0.539000 0.100000 0.088000
v -1.107959 0.100000 0.365520
v -1.110755 0.100000 0.351662
v -1.115266 0.100000 0.338547
v -1.121370 0.100000 0.326296
v -1.128947 0.100000 0.315032
v -1.137875 0.100000 0.304875
v -1.148032 0.100000 0.295947
v -1.159296 0.100000 0.288370
v -1.171547 0.100000 0.282266
v -1.184662 0.100000 0.277755
v -1.198520 0.100000 0.274959
v -1.213000 0.100000 0.274000
v -1.227480 0.100000 0.274959
v -1.241338 0.100000 0.277755
v -1.254453 0.100000 0.282266
v -1.266703 0.100000 0.288370
v -1.277968 0.100000 0.295947
v -1.288125 0.100000 0.304875
v -1.297053 0.100000 0.315032
v -1.304629 0.100000 0.326296
v -1.310734 0.100000 0.338547
v -1.315245 0.100000 0.351662
v -1.318041 0.100000 0.365520
v -1.319000 0.100000 0.380000
v -1.318041 0.100000 0.394480
v -1.315245 0.100000 0.408338
v -1.310734 0.100000 0.421453
v -1.304629 0.100000 0.433704
v -1.297053 0.100000 0.444968
v -1.288125 0.100000 0.455125
v -1.277968 0.100000 0.464053
v -1.266703 0.100000 0.471630
v -1.254453 0.100000 0.477734
v -1.241338 0.100000 0.482245
v -1.227480 0.100000 0.485041
v -1.213000 0.100000 0.486000
v -1.198520 0.100000 0.485041
v -1.184662 0.100000 0.482245
v -1.171547 0.100000 0.477734
v -1.159296 0.100000 0.471630
v -1.148032 0.100000 0.464053
v -1.137875 0.100000 0.455125
v -1.128947 0.100000 0.444968
v -1.121370 0.100000 0.433704
v -1.115265 0.100000 0.421453
v -1.110754 0.100000 0.408338
v -1.107959 0.100000 0.394480
v -1.107000 0.100000 0.380000
v -1.813000 0.100000 0.000000
v -1.904000 0.100000 0.201000
v -2.194000 0.100000 0.201000
v -2.280000 0.100000 0.000000
v -2.380000 0.100000 0.000000
v -2.087000 0.100000 0.686000
v -2.018000 0.100000 0.686000
v -1.713000 0.100000 0.000000
v -1.944000 0.100000 0.289000
v -2.054000 0.100000 0.536000
v -2.156000 0.100000 0.289000
v -2.789000 0.100000 0.682000
v -2.728920 0.100000 0.678365
v -2.674611 0.100000 0.667921
v -2.625968 0.100000 0.651359
v -2.582889 0.100000 0.629370
v -2.545267 0.100000 0.602645
v -2.513000 0.100000 0.571875
v -2.485982 0.100000 0.537751
v -2.464111 0.100000 0.500963
v -2.447281 0.100000 0.462203
v -2.435389 0.100000 0.422162
v -2.428330 0.100000 0.381531
v -2.426000 0.100000 0.341000
v -2.428826 0.100000 0.297528
v -2.437190 0.100000 0.254977
v -2.450922 0.100000 0.213891
v -2.469852 0.100000 0.174815
v -2.493809 0.100000 0.138295
v -2.522625 0.100000 0.104875
v -2.556128 0.100000 0.075101
v -2.594148 0.100000 0.049519
v -2.636516 0.100000 0.028672
v -2.683060 0.100000 0.013106
v -2.733612 0.100000 0.003367
v -2.788000 0.100000 0.000000
v -3.054000 0.100000 0.000000
v -3.054000 0.100000 0.682000
v -2.800000 0.100000 0.088000
v -2.747993 0.100000 0.091374
v -2.702694 0.100000 0.100907
v -2.663687 0.100000 0.115719
v -2.630555 0.100000 0.134926
v -2.602882 0.100000 0.157647
v -2.580250 0.100000 0.183000
v -2.562243 0.100000 0.210103
v -2.548444 0.100000 0.238074
v -2.538437 0.100000 0.266031
v -2.531806 0.100000 0.293093
v -2.528132 0.100000 0.318376
v -2.527000 0.100000 0.341000
v -2.528822 0.100000 0.374758
v -2.534328 0.100000 0.407310
v -2.543578 0.100000 0.438328
v -2.556629 0.100000 0.467481
v -2.573542 0.100000 0.494440
v -2.594375 0.100000 0.518875
v -2.619187 0.100000 0.540455
v -2.648037 0.100000 0.558852
v -2.680984 0.100000 0.573734
v -2.718088 0.100000 0.584773
v -2.759407 0.100000 0.591638
v -2.805000 0.100000 0.594000
v -2.956000 0.100000 0.594000
v -2.956000 0.100000 0.088000
v -2.789000 0.100000 0.682000
v -2.789000 -0.100000 0.682000
v -2.728920 0.100000 0.678365
v -2.728920 -0.100000 0.678365
v -2.674611 0.100000 0.667921
v -2.674611 -0.100000 0.667921
v -2.625968 0.100000 0.651359
v -2.625968 -0.100000 0.651359
v -2.582889 0.100000 0.629370
v -2.582889 -0.100000 0.629370
v -2.545267 0.100000 0.602645
v -2.545267 -0.100000 0.602645
v -2.513000 0.100000 0.571875
v -2.513000 -0.100000 0.571875
v -2.485982 0.100000 0.537751
v -2.485982 -0.100000 0.537751
v -2.464111 0.100000 0.500963
v -2.464111 -0.100000 0.500963
v -2.447281 0.100000 0.462203
v -2.447281 -0.100000 0.462203
v -2.435389 0.100000 0.422162
v -2.435389 -0.100000 0.422162
v -2.428330 0.100000 0.381531
v -2.428330 -0.100000 0.381531
v -2.426000 0.100000 0.341000
v -2.426000 -0.100000 0.341000
v -2.428826 0.100000 0.297528
v -2.428826 -0.100000 0.297528
v -2.437190 0.100000 0.254977
v -2.437190 -0.100000 0.254977
v -2.450922 0.100000 0.213891
v -2.450922 -0.100000 0.213891
v -2.469852 0.100000 0.174815
v -2.469852 -0.100000 0.174815
v -2.493809 0.100000 0.138295
v -2.493809 -0.100000 0.138295
v -2.522625 0.100000 0.104875
v -2.522625 -0.100000 0.104875
v -2.556128 0.100000 0.075101
v -2.556128 -0.100000 0.075101
v -2.594148 0.100000 0.049519
v -2.594148 -0.100000 0.049519
v -2.636516 0.100000 0.028672
v -2.636516 -0.100000 0.028672
v -2.683060 0.100000 0.013106
v -2.683060 -0.100000 0.013106
v -2.733612 0.100000 0.003367
v -2.733612 -0.100000 0.003367
v -2.788000 0.100000 0.000000
v -2.788000 -0.100000 -0.000000
v -3.054000 0.100000 0.000000
v -3.054000 -0.100000 -0.000000
v -3.054000 0.100000 0.682000
v -3.054000 -0.100000 0.682000
v -2.800000 0.100000 0.088000
v -2.800000 -0.100000 0.088000
v -2.747993 0.100000 0.091374
v -2.747993 -0.100000 0.091374
v -2.702694 0.100000 0.100907
v -2.702694 -0.100000 0.100907
v -2.663687 0.100000 0.115719
v -2.663687 -0.100000 0.115719
v -2.630555 0.100000 0.134926
v -2.630555 -0.100000 0.134926
v -2.602882 0.100000 0.157647
v -2.602882 -0.100000 0.157647
v -2.580250 0.100000 0.183000
v -2.580250 -0.100000 0.183000
v -2.562243 0.100000 0.210103
v -2.562243 -0.100000 0.210103
v -2.548444 0.100000 0.238074
v -2.548444 -0.100000 0.238074
v -2.538437 0.100000 0.266031
v -2.538437 -0.100000 0.266031
v -2.531806 0.100000 0.293093
v -2.531806 -0.100000 0.293093
v -2.528132 0.100000 0.318376
v -2.528132 -0.100000 0.318376
v -2.527000 0.100000 0.341000
v -2.527000 -0.100000 0.341000
v -2.528822 0.100000 0.374758
v -2.528822 -0.100000 0.374758
v -2.534328 0.100000 0.407310
v -2.534328 -0.100000 0.407310
v -2.543578 0.100000 0.438328
v -2.543578 -0.100000 0.438328
v -2.556629 0.100000 0.467481
v -2.556629 -0.100000 0.467481
v -2.573542 0.100000 0.494440
v -2.573542 -0.100000 0.494440
v -2.594375 0.100000 0.518875
v -2.594375 -0.100000 0.518875
v -2.619187 0.100000 0.540455
v -2.619187 -0.100000 0.540455
v -2.648037 0.100000 0.558852
v -2.648037 -0.100000 0.558852
v -2.680984 0.100000 0.573734
v -2.680984 -0.100000 0.573734
v -2.718088 0.100000 0.584773
v -2.718088 -0.100000 0.584773
v -2.759407 0.100000 0.591638
v -2.759407 -0.100000 0.591638
v -2.805000 0.100000 0.594000
v -2.805000 -0.100000 0.594000
v -2.956000 0.100000 0.594000
v -2.956000 -0.100000 0.594000
v -2.956000 0.100000 0.088000
v -2.956000 -0.100000 0.088000
v -1.813000 0.100000 0.000000
v -1.813000 -0.100000 -0.000000
v -1.904000 0.100000 0.201000
v -1.904000 -0.100000 0.201000
v -2.194000 0.100000 0.201000
v -2.194000 -0.100000 0.201000
v -2.280000 0.100000 0.000000
v -2.280000 -0.100000 -0.000000
v -2.380000 0.100000 0.000000
v -2.380000 -0.100000 -0.000000
v -2.087000 0.100000 0.686000
v -2.087000 -0.100000 0.686000
v -2.018000 0.100000 0.686000
v -2.018000 -0.100000 0.686000
v -1.713000 0.100000 0.000000
v -1.713000 -0.100000 -0.000000
v -1.944000 0.100000 0.289000
v -1.944000 -0.100000 0.289000
v -2.054000 0.100000 0.536000
v -2.054000 -0.100000 0.536000
v -2.156000 0.100000 0.289000
v -2.156000 -0.100000 0.289000
v -1.107959 0.100000 0.365520
v -1.107959 -0.100000 0.365520
v -1.110755 0.100000 0.351662
v -1.110755 -0.100000 0.351662
v -1.115266 0.100000 0.338547
v -1.115266 -0.100000 0.338547
v -1.121370 0.100000 0.326296
v -1.121370 -0.100000 0.326296
v -1.128947 0.100000 0.315032
v -1.128947 -0.100000 0.315032
v -1.137875 0.100000 0.304875
v -1.137875 -0.100000 0.304875
v -1.148032 0.100000 0.295947
v -1.148032 -0.100000 0.295947
v -1.159296 0.100000 0.288370
v -1.159296 -0.100000 0.288370
v -1.171547 0.100000 0.282266
v -1.171547 -0.100000 0.282266
v -1.184662 0.100000 0.277755
v -1.184662 -0.100000 0.277755
v -1.198520 0.100000 0.274959
v -1.198520 -0.100000 0.274959
v -1.213000 0.100000 0.274000
v -1.213000 -0.100000 0.274000
v -1.227480 0.100000 0.274959
v -1.227480 -0.100000 0.274959
v -1.241338 0.100000 0.277755
v -1.241338 -0.100000 0.277755
v -1.254453 0.100000 0.282266
v -1.254453 -0.100000 0.282266
v -1.266703 0.100000 0.288370
v -1.266703 -0.100000 0.288370
v -1.277968 0.100000 0.295947
v -1.277968 -0.100000 0.295947
v -1.288125 0.100000 0.304875
v -1.288125 -0.100000 0.304875
v -1.297053 0.100000 0.315032
v -1.297053 -0.100000 0.315032
v -1.304629 0.100000 0.326296
v -1.304629 -0.100000 0.326296
v -1.310734 0.100000 0.338547
v -1.310734 -0.100000 0.338547
v -1.315245 0.100000 0.351662
v -1.315245 -0.100000 0.351662
v -1.318041 0.100000 0.365520
v -1.318041 -0.100000 0.365520
v -1.319000 0.100000 0.380000
v -1.319000 -0.100000 0.380000
v -1.318041 0.100000 0.394480
v -1.318041 -0.100000 0.394480
v -1.315245 0.100000 0.408338
v -1.315245 -0.100000 0.408338
v -1.310734 0.100000 0.421453
v -1.310734 -0.100000 0.421453
v -1.304629 0.100000 0.433704
v -1.304629 -0.100000 0.433704
v -1.297053 0.100000 0.444968
v -1.297053 -0.100000 0.444968
v -1.288125 0.100000 0.455125
v -1.288125 -0.100000 0.455125
v -1.277968 0.100000 0.464053
v -1.277968 -0.100000 0.464053
v -1.266703 0.100000 0.471630
v -1.266703 -0.100000 0.471630
v -1.254453 0.100000 0.477734
v -1.254453 -0.100000 0.477734
v -1.241338 0.100000 0.482245
v -1.241338 -0.100000 0.482245
v -1.227480 0.100000 0.485041
v -1.227480 -0.100000 0.485041
v -1.213000 0.100000 0.486000
v -1.213000 -0.100000 0.486000
v -1.198520 0.100000 0.485041
v -1.198520 -0.100000 0.485041
v -1.184662 0.100000 0.482245
v -1.184662 -0.100000 0.482245
v -1.171547 0.100000 0.477734
v -1.171547 -0.100000 0.477734
v -1.159296 0.100000 0.471630
v -1.159296 -0.100000 0.471630
v -1.148032 0.100000 0.464053
v -1.148032 -0.100000 0.464053
v -1.137875 0.100000 0.455125
v -1.137875 -0.100000 0.455125
v -1.128947 0.100000 0.444968
v -1.128947 -0.100000 0.444968
v -1.121370 0.100000 0.433704
v -1.121370 -0.100000 0.433704
v -1.115265 0.100000 0.421453
v -1.115265 -0.100000 0.421453
v -1.110754 0.100000 0.408338
v -1.110754 -0.100000 0.408338
v -1.107959 0.100000 0.394480
v -1.107959 -0.100000 0.394480
v -1.107000 0.100000 0.380000
v -1.107000 -0.100000 0.380000
v -0.372000 0.100000 0.682000
v -0.372000 -0.100000 0.682000
v -0.311920 0.100000 0.678365
v -0.311920 -0.100000 0.678365
v -0.257611 0.100000 0.667921
v -0.257611 -0.100000 0.667921
v -0.208968 0.100000 0.651359
v -0.208968 -0.100000 0.651359
v -0.165889 0.100000 0.629370
v -0.165889 -0.100000 0.629370
v -0.128267 0.100000 0.602645
v -0.128267 -0.100000 0.602645
v -0.096000 0.100000 0.571875
v -0.096000 -0.100000 0.571875
v -0.068982 0.100000 0.537751
v -0.068982 -0.100000 0.537751
v -0.047111 0.100000 0.500963
v -0.047111 -0.100000 0.500963
v -0.030281 0.100000 0.462203
v -0.030281 -0.100000 0.462203
v -0.018389 0.100000 0.422162
v -0.018389 -0.100000 0.422162
v -0.011330 0.100000 0.381531
v -0.011330 -0.100000 0.381531
v -0.009000 0.100000 0.341000
v -0.009000 -0.100000 0.341000
v -0.011826 0.100000 0.297528
v -0.011826 -0.100000 0.297528
v -0.020190 0.100000 0.254977
v -0.020190 -0.100000 0.254977
v -0.033922 0.100000 0.213891
v -0.033922 -0.100000 0.213891
v -0.052852 0.100000 0.174815
v -0.052852 -0.100000 0.174815
v -0.076810 0.100000 0.138295
v -0.076810 -0.100000 0.138295
v -0.105625 0.100000 0.104875
v -0.105625 -0.100000 0.104875
v -0.139128 0.100000 0.075101
v -0.139128 -0.100000 0.075101
v -0.177148 0.100000 0.049519
v -0.177148 -0.100000 0.049519
v -0.219516 0.100000 0.028672
v -0.219516 -0.100000 0.028672
v -0.266060 0.100000 0.013106
v -0.266060 -0.100000 0.013106
v -0.316612 0.100000 0.003367
v -0.316612 -0.100000 0.003367
v -0.371000 0.100000 0.000000
v -0.371000 -0.100000 -0.000000
v -0.637000 0.100000 0.000000
v -0.637000 -0.100000 -0.000000
v -0.637000 0.100000 0.682000
v -0.637000 -0.100000 0.682000
v -0.383000 0.100000 0.088000
v -0.383000 -0.100000 0.088000
v -0.330993 0.100000 0.091374
v -0.330993 -0.100000 0.091374
v -0.285694 0.100000 0.100907
v -0.285694 -0.100000 0.100907
v -0.246687 0.100000 0.115719
v -0.246687 -0.100000 0.115719
v -0.213556 0.100000 0.134926
v -0.213556 -0.100000 0.134926
v -0.185882 0.100000 0.157647
v -0.185882 -0.100000 0.157647
v -0.163250 0.100000 0.183000
v -0.163250 -0.100000 0.183000
v -0.145243 0.100000 0.210103
v -0.145243 -0.100000 0.210103
v -0.131444 0.100000 0.238074
v -0.131444 -0.100000 0.238074
v -0.121437 0.100000 0.266031
v -0.121437 -0.100000 0.266031
v -0.114805 0.100000 0.293093
v -0.114805 -0.100000 0.293093
v -0.111132 0.100000 0.318376
v -0.111132 -0.100000 0.318376
v -0.110000 0.100000 0.341000
v -0.110000 -0.100000 0.341000
v -0.111822 0.100000 0.374758
v -0.111822 -0.100000 0.374758
v -0.117328 0.100000 0.407310
v -0.117328 -0.100000 0.407310
v -0.126578 0.100000 0.438328
v -0.126578 -0.100000 0.438328
v -0.139629 0.100000 0.467481
v -0.139629 -0.100000 0.467481
v -0.156542 0.100000 0.494440
v -0.156542 -0.100000 0.494440
v -0.177375 0.100000 0.518875
v -0.177375 -0.100000 0.518875
v -0.202187 0.100000 0.540455
v -0.202187 -0.100000 0.540455
v -0.231037 0.100000 0.558852
v -0.231037 -0.100000 0.558852
v -0.263984 0.100000 0.573734
v -0.263984 -0.100000 0.573734
v -0.301088 0.100000 0.584773
v -0.301088 -0.100000 0.584773
v -0.342407 0.100000 0.591638
v -0.342407 -0.100000 0.591638
v -0.388000 0.100000 0.594000
v -0.388000 -0.100000 0.594000
v -0.539000 0.100000 0.594000
v -0.539000 -0.100000 0.594000
v -0.539000 0.100000 0.088000
v -0.539000 -0.100000 0.088000
v 0.604000 0.100000 0.000000
v 0.604000 -0.100000 -0.000000
v 0.513000 0.100000 0.201000
v 0.513000 -0.100000 0.201000
v 0.223000 0.100000 0.201000
v 0.223000 -0.100000 0.201000
v 0.137000 0.100000 0.000000
v 0.137000 -0.100000 -0.000000
v 0.037000 0.100000 0.000000
v 0.037000 -0.100000 -0.000000
v 0.330000 0.100000 0.686000
v 0.330000 -0.100000 0.686000
v 0.399000 0.100000 0.686000
v 0.399000 -0.100000 0.686000
v 0.704000 0.100000 0.000000
v 0.704000 -0.100000 -0.000000
v 0.473000 0.100000 0.289000
v 0.473000 -0.100000 0.289000
v 0.363000 0.100000 0.536000
v 0.363000 -0.100000 0.536000
v 0.261000 0.100000 0.289000
v 0.261000 -0.100000 0.289000
v 1.309041 0.100000 0.365520
v 1.309041 -0.100000 0.365520
v 1.306245 0.100000 0.351662
v 1.306245 -0.100000 0.351662
v 1.301734 0.100000 0.338547
v 1.301734 -0.100000 0.338547
v 1.295629 0.100000 0.326296
v 1.295629 -0.100000 0.326296
v 1.288052 0.100000 0.315032
v 1.288052 -0.100000 0.315032
v 1.279124 0.100000 0.304875
v 1.279124 -0.100000 0.304875
v 1.268968 0.100000 0.295947
v 1.268968 -0.100000 0.295947
v 1.257704 0.100000 0.288370
v 1.257704 -0.100000 0.288370
v 1.245453 0.100000 0.282266
v 1.245453 -0.100000 0.282266
v 1.232338 0.100000 0.277755
v 1.232338 -0.100000 0.277755
v 1.218480 0.100000 0.274959
v 1.218480 -0.100000 0.274959
v 1.204000 0.100000 0.274000
v 1.204000 -0.100000 0.274000
v 1.189520 0.100000 0.274959
v 1.189520 -0.100000 0.274959
v 1.175662 0.100000 0.277755
v 1.175662 -0.100000 0.277755
v 1.162547 0.100000 0.282266
v 1.162547 -0.100000 0.282266
v 1.150296 0.100000 0.288370
v 1.150296 -0.100000 0.288370
v 1.139032 0.100000 0.295947
v 1.139032 -0.100000 0.295947
v 1.128875 0.100000 0.304875
v 1.128875 -0.100000 0.304875
v 1.119948 0.100000 0.315032
v 1.119948 -0.100000 0.315032
v 1.112371 0.100000 0.326296
v 1.112371 -0.100000 0.326296
v 1.106266 0.100000 0.338547
v 1.106266 -0.100000 0.338547
v 1.101755 0.100000 0.351662
v 1.101755 -0.100000 0.351662
v 1.098959 0.100000 0.365520
v 1.098959 -0.100000 0.365520
v 1.098000 0.100000 0.380000
v 1.098000 -0.100000 0.380000
v 1.098960 0.100000 0.394480
v 1.098960 -0.100000 0.394480
v 1.101755 0.100000 0.408338
v 1.101755 -0.100000 0.408338
v 1.106266 0.100000 0.421453
v 1.106266 -0.100000 0.421453
v 1.112371 0.100000 0.433704
v 1.112371 -0.100000 0.433704
v 1.119948 0.100000 0.444968
v 1.119948 -0.100000 0.444968
v 1.128876 0.100000 0.455125
v 1.128876 -0.100000 0.455125
v 1.139033 0.100000 0.464053
v 1.139033 -0.100000 0.464053
v 1.150297 0.100000 0.471630
v 1.150297 -0.100000 0.471630
v 1.162547 0.100000 0.477734
v 1.162547 -0.100000 0.477734
v 1.175662 0.100000 0.482245
v 1.175662 -0.100000 0.482245
v 1.189521 0.100000 0.485041
v 1.189521 -0.100000 0.485041
v 1.204000 0.100000 0.486000
v 1.204000 -0.100000 0.486000
v 1.218480 0.100000 0.485041
v 1.218480 -0.100000 0.485041
v 1.232339 0.100000 0.482245
v 1.232339 -0.100000 0.482245
v 1.245454 0.100000 0.477734
v 1.245454 -0.100000 0.477734
v 1.257704 0.100000 0.471630
v 1.257704 -0.100000 0.471630
v 1.268968 0.100000 0.464053
v 1.268968 -0.100000 0.464053
v 1.279125 0.100000 0.455125
v 1.279125 -0.100000 0.455125
v 1.288053 0.100000 0.444968
v 1.288053 -0.100000 0.444968
v 1.295630 0.100000 0.433704
v 1.295630 -0.100000 0.433704
v 1.301735 0.100000 0.421453
v 1.301735 -0.100000 0.421453
v 1.306246 0.100000 0.408338
v 1.306246 -0.100000 0.408338
v 1.309041 0.100000 0.394480
v 1.309041 -0.100000 0.394480
v 1.310000 0.100000 0.380000
v 1.310000 -0.100000 0.380000
v 2.022570 0.100000 0.680206
v 2.022570 -0.100000 0.680206
v 2.054811 0.100000 0.674982
v 2.054811 -0.100000 0.674982
v 2.083766 0.100000 0.666563
v 2.083766 -0.100000 0.666563
v 2.109482 0.100000 0.655185
v 2.109482 -0.100000 0.655185
v 2.132004 0.100000 0.641086
v 2.132004 -0.100000 0.641086
v 2.151376 0.100000 0.624500
v 2.151376 -0.100000 0.624500
v 2.167643 0.100000 0.605664
v 2.167643 -0.100000 0.605664
v 2.180852 0.100000 0.584815
v 2.180852 -0.100000 0.584815
v 2.191047 0.100000 0.562188
v 2.191047 -0.100000 0.562188
v 2.198273 0.100000 0.538019
v 2.198273 -0.100000 0.538019
v 2.202576 0.100000 0.512544
v 2.202576 -0.100000 0.512544
v 2.204000 0.100000 0.486000
v 2.204000 -0.100000 0.486000
v 2.202491 0.100000 0.459765
v 2.202491 -0.100000 0.459765
v 2.197934 0.100000 0.434699
v 2.197934 -0.100000 0.434699
v 2.190281 0.100000 0.411016
v 2.190281 -0.100000 0.411016
v 2.179481 0.100000 0.388926
v 2.179481 -0.100000 0.388926
v 2.165487 0.100000 0.368642
v 2.165487 -0.100000 0.368642
v 2.148249 0.100000 0.350375
v 2.148249 -0.100000 0.350375
v 2.127721 0.100000 0.334337
v 2.127721 -0.100000 0.334337
v 2.103852 0.100000 0.320741
v 2.103852 -0.100000 0.320741
v 2.076594 0.100000 0.309797
v 2.076594 -0.100000 0.309797
v 2.045898 0.100000 0.301718
v 2.045898 -0.100000 0.301718
v 2.011717 0.100000 0.296715
v 2.011717 -0.100000 0.296715
v 1.974000 0.100000 0.295000
v 1.974000 -0.100000 0.295000
v 1.872000 0.100000 0.295000
v 1.872000 -0.100000 0.295000
v 1.872000 0.100000 0.000000
v 1.872000 -0.100000 -0.000000
v 1.774000 0.100000 0.000000
v 1.774000 -0.100000 -0.000000
v 1.774000 0.100000 0.682000
v 1.774000 -0.100000 0.682000
v 1.987000 0.100000 0.682000
v 1.987000 -0.100000 0.682000
v 1.983000 0.100000 0.383000
v 1.983000 -0.100000 0.383000
v 2.000696 0.100000 0.383807
v 2.000696 -0.100000 0.383807
v 2.017236 0.100000 0.386204
v 2.017236 -0.100000 0.386204
v 2.032547 0.100000 0.390156
v 2.032547 -0.100000 0.390156
v 2.046556 0.100000 0.395630
v 2.046556 -0.100000 0.395630
v 2.059190 0.100000 0.402589
v 2.059190 -0.100000 0.402589
v 2.070375 0.100000 0.411000
v 2.070375 -0.100000 0.411000
v 2.080040 0.100000 0.420828
v 2.080040 -0.100000 0.420828
v 2.088112 0.100000 0.432037
v 2.088112 -0.100000 0.432037
v 2.094516 0.100000 0.444594
v 2.094516 -0.100000 0.444594
v 2.099181 0.100000 0.458463
v 2.099181 -0.100000 0.458463
v 2.102033 0.100000 0.473610
v 2.102033 -0.100000 0.473610
v 2.103000 0.100000 0.490000
v 2.103000 -0.100000 0.490000
v 2.102418 0.100000 0.502550
v 2.102418 -0.100000 0.502550
v 2.100589 0.100000 0.515065
v 2.100589 -0.100000 0.515065
v 2.097391 0.100000 0.527344
v 2.097391 -0.100000 0.527344
v 2.092705 0.100000 0.539185
v 2.092705 -0.100000 0.539185
v 2.086406 0.100000 0.550388
v 2.086406 -0.100000 0.550388
v 2.078376 0.100000 0.560750
v 2.078376 -0.100000 0.560750
v 2.068491 0.100000 0.570071
v 2.068491 -0.100000 0.570071
v 2.056630 0.100000 0.578148
v 2.056630 -0.100000 0.578148
v 2.042672 0.100000 0.584781
v 2.042672 -0.100000 0.584781
v 2.026496 0.100000 0.589769
v 2.026496 -0.100000 0.589769
v 2.007979 0.100000 0.592909
v 2.007979 -0.100000 0.592909
v 1.987000 0.100000 0.594000
v 1.987000 -0.100000 0.594000
v 1.872000 0.100000 0.594000
v 1.872000 -0.100000 0.594000
v 1.872000 0.100000 0.383000
v 1.872000 -0.100000 0.383000
v 2.781000 0.100000 0.000000
v 2.781000 -0.100000 -0.000000
v 2.690000 0.100000 0.201000
v 2.690000 -0.100000 0.201000
v 2.400000 0.100000 0.201000
v 2.400000 -0.100000 0.201000
v 2.314000 0.100000 0.000000
v 2.314000 -0.100000 -0.000000
v 2.214000 0.100000 0.000000
v 2.214000 -0.100000 -0.000000
v 2.507001 0.100000 0.686000
v 2.507001 -0.100000 0.686000
v 2.576000 0.100000 0.686000
v 2.576000 -0.100000 0.686000
v 2.881001 0.100000 0.000000
v 2.881001 -0.100000 -0.000000
v 2.650000 0.100000 0.289000
v 2.650000 -0.100000 0.289000
v 2.540001 0.100000 0.536000
v 2.540001 -0.100000 0.536000
v 2.438000 0.100000 0.289000
v 2.438000 -0.100000 0.289000
v 3.025085 0.100000 0.689979
v 3.025085 -0.100000 0.689979
v 3.033343 0.100000 0.686912
v 3.033343 -0.100000 0.686912
v 3.040782 0.100000 0.681797
v 3.040782 -0.100000 0.681797
v 3.047408 0.100000 0.674630
v 3.047408 -0.100000 0.674630
v 3.053229 0.100000 0.665407
v 3.053229 -0.100000 0.665407
v 3.058251 0.100000 0.654125
v 3.058251 -0.100000 0.654125
v 3.062481 0.100000 0.640781
v 3.062481 -0.100000 0.640781
v 3.065927 0.100000 0.625370
v 3.065927 -0.100000 0.625370
v 3.068595 0.100000 0.607891
v 3.068595 -0.100000 0.607891
v 3.070492 0.100000 0.588338
v 3.070492 -0.100000 0.588338
v 3.071625 0.100000 0.566709
v 3.071625 -0.100000 0.566709
v 3.072001 0.100000 0.543000
v 3.072001 -0.100000 0.543000
v 3.071959 0.100000 0.532167
v 3.071959 -0.100000 0.532167
v 3.071834 0.100000 0.521671
v 3.071834 -0.100000 0.521671
v 3.071626 0.100000 0.511516
v 3.071626 -0.100000 0.511516
v 3.071334 0.100000 0.501704
v 3.071334 -0.100000 0.501704
v 3.070959 0.100000 0.492239
v 3.070959 -0.100000 0.492239
v 3.070501 0.100000 0.483125
v 3.070501 -0.100000 0.483125
v 3.069959 0.100000 0.474365
v 3.069959 -0.100000 0.474365
v 3.069334 0.100000 0.465963
v 3.069334 -0.100000 0.465963
v 3.068626 0.100000 0.457922
v 3.068626 -0.100000 0.457922
v 3.067834 0.100000 0.450245
v 3.067834 -0.100000 0.450245
v 3.066959 0.100000 0.442937
v 3.066959 -0.100000 0.442937
v 3.066001 0.100000 0.436000
v 3.066001 -0.100000 0.436000
v 3.041001 0.100000 0.264000
v 3.041001 -0.100000 0.264000
v 3.039497 0.100000 0.253517
v 3.039497 -0.100000 0.253517
v 3.037968 0.100000 0.244056
v 3.037968 -0.100000 0.244056
v 3.036391 0.100000 0.235594
v 3.036391 -0.100000 0.235594
v 3.034742 0.100000 0.228111
v 3.034742 -0.100000 0.228111
v 3.032995 0.100000 0.221587
v 3.032995 -0.100000 0.221587
v 3.031126 0.100000 0.216000
v 3.031126 -0.100000 0.216000
v 3.029111 0.100000 0.211330
v 3.029111 -0.100000 0.211330
v 3.026927 0.100000 0.207556
v 3.026927 -0.100000 0.207556
v 3.024548 0.100000 0.204656
v 3.024548 -0.100000 0.204656
v 3.021950 0.100000 0.202611
v 3.021950 -0.100000 0.202611
v 3.019109 0.100000 0.201399
v 3.019109 -0.100000 0.201399
v 3.016001 0.100000 0.201000
v 3.016001 -0.100000 0.201000
v 3.012892 0.100000 0.201399
v 3.012892 -0.100000 0.201399
v 3.010051 0.100000 0.202611
v 3.010051 -0.100000 0.202611
v 3.007454 0.100000 0.204656
v 3.007454 -0.100000 0.204656
v 3.005075 0.100000 0.207556
v 3.005075 -0.100000 0.207556
v 3.002890 0.100000 0.211330
v 3.002890 -0.100000 0.211330
v 3.000876 0.100000 0.216000
v 3.000876 -0.100000 0.216000
v 2.999007 0.100000 0.221587
v 2.999007 -0.100000 0.221587
v 2.997260 0.100000 0.228111
v 2.997260 -0.100000 0.228111
v 2.995610 0.100000 0.235594
v 2.995610 -0.100000 0.235594
v 2.994033 0.100000 0.244056
v 2.994033 -0.100000 0.244056
v 2.992505 0.100000 0.253517
v 2.992505 -0.100000 0.253517
v 2.991001 0.100000 0.264000
v 2.991001 -0.100000 0.264000
v 2.966001 0.100000 0.436000
v 2.966001 -0.100000 0.436000
v 2.965042 0.100000 0.442937
v 2.965042 -0.100000 0.442937
v 2.964167 0.100000 0.450245
v 2.964167 -0.100000 0.450245
v 2.963376 0.100000 0.457922
v 2.963376 -0.100000 0.457922
v 2.962667 0.100000 0.465963
v 2.962667 -0.100000 0.465963
v 2.962042 0.100000 0.474365
v 2.962042 -0.100000 0.474365
v 2.961500 0.100000 0.483125
v 2.961500 -0.100000 0.483125
v 2.961042 0.100000 0.492239
v 2.961042 -0.100000 0.492239
v 2.960667 0.100000 0.501704
v 2.960667 -0.100000 0.501704
v 2.960376 0.100000 0.511516
v 2.960376 -0.100000 0.511516
v 2.960167 0.100000 0.521671
v 2.960167 -0.100000 0.521671
v 2.960042 0.100000 0.532167
v 2.960042 -0.100000 0.532167
v 2.960001 0.100000 0.543000
v 2.960001 -0.100000 0.543000
v 2.960377 0.100000 0.566709
v 2.960377 -0.100000 0.566709
v 2.961509 0.100000 0.588338
v 2.961509 -0.100000 0.588338
v 2.963406 0.100000 0.607891
v 2.963406 -0.100000 0.607891
v 2.966074 0.100000 0.625370
v 2.966074 -0.100000 0.625370
v 2.969520 0.100000 0.640781
v 2.969520 -0.100000 0.640781
v 2.973750 0.100000 0.654125
v 2.973750 -0.100000 0.654125
v 2.978772 0.100000 0.665407
v 2.978772 -0.100000 0.665407
v 2.984593 0.100000 0.674630
v 2.984593 -0.100000 0.674630
v 2.991219 0.100000 0.681797
v 2.991219 -0.100000 0.681797
v 2.998658 0.100000 0.686912
v 2.998658 -0.100000 0.686912
v 3.006916 0.100000 0.689979
v 3.006916 -0.100000 0.689979
v 3.016001 0.100000 0.691000
v 3.016001 -0.100000 0.691000
v 3.076452 0.100000 0.042887
v 3.076452 -0.100000 0.042887
v 3.074849 0.100000 0.035097
v 3.074849 -0.100000 0.035097
v 3.072267 0.100000 0.027703
v 3.072267 -0.100000 0.027703
v 3.068779 0.100000 0.020778
v 3.068779 -0.100000 0.020778
v 3.064458 0.100000 0.014394
v 3.064458 -0.100000 0.014394
v 3.059376 0.100000 0.008625
v 3.059376 -0.100000 0.008625
v 3.053607 0.100000 0.003543
v 3.053607 -0.100000 0.003543
v 3.047223 0.100000 -0.000778
v 3.047223 -0.100000 -0.000778
v 3.040298 0.100000 -0.004266
v 3.040298 -0.100000 -0.004266
v 3.032904 0.100000 -0.006847
v 3.032904 -0.100000 -0.006847
v 3.025114 0.100000 -0.008450
v 3.025114 -0.100000 -0.008450
v 3.017001 0.100000 -0.009000
v 3.017001 -0.100000 -0.009000
v 3.008889 0.100000 -0.008450
v 3.008889 -0.100000 -0.008450
v 3.001099 0.100000 -0.006847
v 3.001099 -0.100000 -0.006847
v 2.993705 0.100000 -0.004266
v 2.993705 -0.100000 -0.004266
v 2.986779 0.100000 -0.000778
v 2.986779 -0.100000 -0.000778
v 2.980396 0.100000 0.003543
v 2.980396 -0.100000 0.003543
v 2.974626 0.100000 0.008625
v 2.974626 -0.100000 0.008625
v 2.969545 0.100000 0.014394
v 2.969545 -0.100000 0.014394
v 2.965224 0.100000 0.020778
v 2.965224 -0.100000 0.020778
v 2.961735 0.100000 0.027703
v 2.961735 -0.100000 0.027703
v 2.959154 0.100000 0.035097
v 2.959154 -0.100000 0.035097
v 2.957551 0.100000 0.042887
v 2.957551 -0.100000 0.042887
v 2.957001 0.100000 0.051000
v 2.957001 -0.100000 0.051000
v 2.957550 0.100000 0.059113
v 2.957550 -0.100000 0.059113
v 2.959153 0.100000 0.066903
v 2.959153 -0.100000 0.066903
v 2.961735 0.100000 0.074297
v 2.961735 -0.100000 0.074297
v 2.965223 0.100000 0.081222
v 2.965223 -0.100000 0.081222
v 2.969544 0.100000 0.087606
v 2.969544 -0.100000 0.087606
v 2.974625 0.100000 0.093375
v 2.974625 -0.100000 0.093375
v 2.980395 0.100000 0.098457
v 2.980395 -0.100000 0.098457
v 2.986778 0.100000 0.102778
v 2.986778 -0.100000 0.102778
v 2.993704 0.100000 0.106266
v 2.993704 -0.100000 0.106266
v 3.001098 0.100000 0.108847
v 3.001098 -0.100000 0.108847
v 3.008888 0.100000 0.110450
v 3.008888 -0.100000 0.110450
v 3.017001 0.100000 0.111000
v 3.017001 -0.100000 0.111000
v 3.025113 0.100000 0.110450
v 3.025113 -0.100000 0.110450
v 3.032903 0.100000 0.108847
v 3.032903 -0.100000 0.108847
v 3.040297 0.100000 0.106266
v 3.040297 -0.100000 0.106266
v 3.047222 0.100000 0.102778
v 3.047222 -0.100000 0.102778
v 3.053606 0.100000 0.098457
v 3.053606 -0.100000 0.098457
v 3.059376 0.100000 0.093375
v 3.059376 -0.100000 0.093375
v 3.064457 0.100000 0.087606
v 3.064457 -0.100000 0.087606
v 3.068778 0.100000 0.081222
v 3.068778 -0.100000 0.081222
v 3.072266 0.100000 0.074297
v 3.072266 -0.100000 0.074297
v 3.074848 0.100000 0.066903
v 3.074848 -0.100000 0.066903
v 3.076451 0.100000 0.059113
v 3.076451 -0.100000 0.059113
v 3.077001 0.100000 0.051000
v 3.077001 -0.100000 0.051000
v 3.296085 0.100000 0.689979
v 3.296085 -0.100000 0.689979
v 3.304343 0.100000 0.686912
v 3.304343 -0.100000 0.686912
v 3.311782 0.100000 0.681797
v 3.311782 -0.100000 0.681797
v 3.318408 0.100000 0.674630
v 3.318408 -0.100000 0.674630
v 3.324229 0.100000 0.665407
v 3.324229 -0.100000 0.665407
v 3.329251 0.100000 0.654125
v 3.329251 -0.100000 0.654125
v 3.333481 0.100000 0.640781
v 3.333481 -0.100000 0.640781
v 3.336927 0.100000 0.625370
v 3.336927 -0.100000 0.625370
v 3.339595 0.100000 0.607891
v 3.339595 -0.100000 0.607891
v 3.341491 0.100000 0.588338
v 3.341491 -0.100000 0.588338
v 3.342624 0.100000 0.566709
v 3.342624 -0.100000 0.566709
v 3.343001 0.100000 0.543000
v 3.343001 -0.100000 0.543000
v 3.342959 0.100000 0.532167
v 3.342959 -0.100000 0.532167
v 3.342834 0.100000 0.521671
v 3.342834 -0.100000 0.521671
v 3.342626 0.100000 0.511516
v 3.342626 -0.100000 0.511516
v 3.342334 0.100000 0.501704
v 3.342334 -0.100000 0.501704
v 3.341959 0.100000 0.492239
v 3.341959 -0.100000 0.492239
v 3.341501 0.100000 0.483125
v 3.341501 -0.100000 0.483125
v 3.340959 0.100000 0.474365
v 3.340959 -0.100000 0.474365
v 3.340334 0.100000 0.465963
v 3.340334 -0.100000 0.465963
v 3.339626 0.100000 0.457922
v 3.339626 -0.100000 0.457922
v 3.338834 0.100000 0.450245
v 3.338834 -0.100000 0.450245
v 3.337959 0.100000 0.442937
v 3.337959 -0.100000 0.442937
v 3.337001 0.100000 0.436000
v 3.337001 -0.100000 0.436000
v 3.312001 0.100000 0.264000
v 3.312001 -0.100000 0.264000
v 3.310497 0.100000 0.253517
v 3.310497 -0.100000 0.253517
v 3.308968 0.100000 0.244056
v 3.308968 -0.100000 0.244056
v 3.307391 0.100000 0.235594
v 3.307391 -0.100000 0.235594
v 3.305742 0.100000 0.228111
v 3.305742 -0.100000 0.228111
v 3.303994 0.100000 0.221587
v 3.303994 -0.100000 0.221587
v 3.302126 0.100000 0.216000
v 3.302126 -0.100000 0.216000
v 3.300111 0.100000 0.211330
v 3.300111 -0.100000 0.211330
v 3.297927 0.100000 0.207556
v 3.297927 -0.100000 0.207556
v 3.295548 0.100000 0.204656
v 3.295548 -0.100000 0.204656
v 3.292950 0.100000 0.202611
v 3.292950 -0.100000 0.202611
v 3.290109 0.100000 0.201399
v 3.290109 -0.100000 0.201399
v 3.287001 0.100000 0.201000
v 3.287001 -0.100000 0.201000
v 3.283892 0.100000 0.201399
v 3.283892 -0.100000 0.201399
v 3.281051 0.100000 0.202611
v 3.281051 -0.100000 0.202611
v 3.278454 0.100000 0.204656
v 3.278454 -0.100000 0.204656
v 3.276075 0.100000 0.207556
v 3.276075 -0.100000 0.207556
v 3.273890 0.100000 0.211330
v 3.273890 -0.100000 0.211330
v 3.271876 0.100000 0.216000
v 3.271876 -0.100000 0.216000
v 3.270007 0.100000 0.221587
v 3.270007 -0.100000 0.221587
v 3.268260 0.100000 0.228111
v 3.268260 -0.100000 0.228111
v 3.266610 0.100000 0.235594
v 3.266610 -0.100000 0.235594
v 3.265033 0.100000 0.244056
v 3.265033 -0.100000 0.244056
v 3.263505 0.100000 0.253517
v 3.263505 -0.100000 0.253517
v 3.262001 0.100000 0.264000
v 3.262001 -0.100000 0.264000
v 3.237001 0.100000 0.436000
v 3.237001 -0.100000 0.436000
v 3.236042 0.100000 0.442937
v 3.236042 -0.100000 0.442937
v 3.235167 0.100000 0.450245
v 3.235167 -0.100000 0.450245
v 3.234376 0.100000 0.457922
v 3.234376 -0.100000 0.457922
v 3.233667 0.100000 0.465963
v 3.233667 -0.100000 0.465963
v 3.233042 0.100000 0.474365
v 3.233042 -0.100000 0.474365
v 3.232500 0.100000 0.483125
v 3.232500 -0.100000 0.483125
v 3.232042 0.100000 0.492239
v 3.232042 -0.100000 0.492239
v 3.231667 0.100000 0.501704
v 3.231667 -0.100000 0.501704
v 3.231375 0.100000 0.511516
v 3.231375 -0.100000 0.511516
v 3.231167 0.100000 0.521671
v 3.231167 -0.100000 0.521671
v 3.231042 0.100000 0.532167
v 3.231042 -0.100000 0.532167
v 3.231001 0.100000 0.543000
v 3.231001 -0.100000 0.543000
v 3.231376 0.100000 0.566709
v 3.231376 -0.100000 0.566709
v 3.232509 0.100000 0.588338
v 3.232509 -0.100000 0.588338
v 3.234406 0.100000 0.607891
v 3.234406 -0.100000 0.607891
v 3.237074 0.100000 0.625370
v 3.237074 -0.100000 0.625370
v 3.240520 0.100000 0.640781
v 3.240520 -0.100000 0.640781
v 3.244750 0.100000 0.654125
v 3.244750 -0.100000 0.654125
v 3.249772 0.100000 0.665407
v 3.249772 -0.100000 0.665407
v 3.255593 0.100000 0.674630
v 3.255593 -0.100000 0.674630
v 3.262219 0.100000 0.681797
v 3.262219 -0.100000 0.681797
v 3.269658 0.100000 0.686912
v 3.269658 -0.100000 0.686912
v 3.277916 0.100000 0.689979
v 3.277916 -0.100000 0.689979
v 3.287001 0.100000 0.691000
v 3.287001 -0.100000 0.691000
v 3.347451 0.100000 0.042887
v 3.347451 -0.100000 0.042887
v 3.345849 0.100000 0.035097
v 3.345849 -0.100000 0.035097
v 3.343267 0.100000 0.027703
v 3.343267 -0.100000 0.027703
v 3.339779 0.100000 0.020778
v 3.339779 -0.100000 0.020778
v 3.335458 0.100000 0.014394
v 3.335458 -0.100000 0.014394
v 3.330376 0.100000 0.008625
v 3.330376 -0.100000 0.008625
v 3.324607 0.100000 0.003543
v 3.324607 -0.100000 0.003543
v 3.318223 0.100000 -0.000778
v 3.318223 -0.100000 -0.000778
v 3.311298 0.100000 -0.004266
v 3.311298 -0.100000 -0.004266
v 3.303904 0.100000 -0.006847
v 3.303904 -0.100000 -0.006847
v 3.296114 0.100000 -0.008450
v 3.296114 -0.100000 -0.008450
v 3.288001 0.100000 -0.009000
v 3.288001 -0.100000 -0.009000
v 3.279889 0.100000 -0.008450
v 3.279889 -0.100000 -0.008450
v 3.272099 0.100000 -0.006847
v 3.272099 -0.100000 -0.006847
v 3.264704 0.100000 -0.004266
v 3.264704 -0.100000 -0.004266
v 3.257779 0.100000 -0.000778
v 3.257779 -0.100000 -0.000778
v 3.251395 0.100000 0.003543
v 3.251395 -0.100000 0.003543
v 3.245626 0.100000 0.008625
v 3.245626 -0.100000 0.008625
v 3.240545 0.100000 0.014394
v 3.240545 -0.100000 0.014394
v 3.236223 0.100000 0.020778
v 3.236223 -0.100000 0.020778
v 3.232735 0.100000 0.027703
v 3.232735 -0.100000 0.027703
v 3.230154 0.100000 0.035097
v 3.230154 -0.100000 0.035097
v 3.228551 0.100000 0.042887
v 3.228551 -0.100000 0.042887
v 3.228001 0.100000 0.051000
v 3.228001 -0.100000 0.051000
v 3.228550 0.100000 0.059113
v 3.228550 -0.100000 0.059113
v 3.230153 0.100000 0.066903
v 3.230153 -0.100000 0.066903
v 3.232734 0.100000 0.074297
v 3.232734 -0.100000 0.074297
v 3.236223 0.100000 0.081222
v 3.236223 -0.100000 0.081222
v 3.240544 0.100000 0.087606
v 3.240544 -0.100000 0.087606
v 3.245625 0.100000 0.093375
v 3.245625 -0.100000 0.093375
v 3.251395 0.100000 0.098457
v 3.251395 -0.100000 0.098457
v 3.257778 0.100000 0.102778
v 3.257778 -0.100000 0.102778
v 3.264704 0.100000 0.106266
v 3.264704 -0.100000 0.106266
v 3.272098 0.100000 0.108847
v 3.272098 -0.100000 0.108847
v 3.279888 0.100000 0.110450
v 3.279888 -0.100000 0.110450
v 3.288001 0.100000 0.111000
v 3.288001 -0.100000 0.111000
v 3.296113 0.100000 0.110450
v 3.296113 -0.100000 0.110450
v 3.303903 0.100000 0.108847
v 3.303903 -0.100000 0.108847
v 3.311297 0.100000 0.106266
v 3.311297 -0.100000 0.106266
v 3.318222 0.100000 0.102778
v 3.318222 -0.100000 0.102778
v 3.324606 0.100000 0.098457
v 3.324606 -0.100000 0.098457
v 3.330375 0.100000 0.093375
v 3.330375 -0.100000 0.093375
v 3.335457 0.100000 0.087606
v 3.335457 -0.100000 0.087606
v 3.339778 0.100000 0.081222
v 3.339778 -0.100000 0.081222
v 3.343266 0.100000 0.074297
v 3.343266 -0.100000 0.074297
v 3.345848 0.100000 0.066903
v 3.345848 -0.100000 0.066903
v 3.347450 0.100000 0.059113
v 3.347450 -0.100000 0.059113
v 3.348001 0.100000 0.051000
v 3.348001 -0.100000 0.051000
v 3.567085 0.100000 0.689979
v 3.567085 -0.100000 0.689979
v 3.575343 0.100000 0.686912
v 3.575343 -0.100000 0.686912
v 3.582782 0.100000 0.681797
v 3.582782 -0.100000 0.681797
v 3.589408 0.100000 0.674630
v 3.589408 -0.100000 0.674630
v 3.595228 0.100000 0.665407
v 3.595228 -0.100000 0.665407
v 3.600250 0.100000 0.654125
v 3.600250 -0.100000 0.654125
v 3.604481 0.100000 0.640781
v 3.604481 -0.100000 0.640781
v 3.607927 0.100000 0.625370
v 3.607927 -0.100000 0.625370
v 3.610595 0.100000 0.607891
v 3.610595 -0.100000 0.607891
v 3.612491 0.100000 0.588338
v 3.612491 -0.100000 0.588338
v 3.613624 0.100000 0.566709
v 3.613624 -0.100000 0.566709
v 3.614001 0.100000 0.543000
v 3.614001 -0.100000 0.543000
v 3.613959 0.100000 0.532167
v 3.613959 -0.100000 0.532167
v 3.613834 0.100000 0.521671
v 3.613834 -0.100000 0.521671
v 3.613626 0.100000 0.511516
v 3.613626 -0.100000 0.511516
v 3.613334 0.100000 0.501704
v 3.613334 -0.100000 0.501704
v 3.612959 0.100000 0.492239
v 3.612959 -0.100000 0.492239
v 3.612501 0.100000 0.483125
v 3.612501 -0.100000 0.483125
v 3.611959 0.100000 0.474365
v 3.611959 -0.100000 0.474365
v 3.611334 0.100000 0.465963
v 3.611334 -0.100000 0.465963
v 3.610626 0.100000 0.457922
v 3.610626 -0.100000 0.457922
v 3.609834 0.100000 0.450245
v 3.609834 -0.100000 0.450245
v 3.608959 0.100000 0.442937
v 3.608959 -0.100000 0.442937
v 3.608001 0.100000 0.436000
v 3.608001 -0.100000 0.436000
v 3.583000 0.100000 0.264000
v 3.583000 -0.100000 0.264000
v 3.581496 0.100000 0.253517
v 3.581496 -0.100000 0.253517
v 3.579968 0.100000 0.244056
v 3.579968 -0.100000 0.244056
v 3.578391 0.100000 0.235594
v 3.578391 -0.100000 0.235594
v 3.576741 0.100000 0.228111
v 3.576741 -0.100000 0.228111
v 3.574994 0.100000 0.221587
v 3.574994 -0.100000 0.221587
v 3.573126 0.100000 0.216000
v 3.573126 -0.100000 0.216000
v 3.571111 0.100000 0.211330
v 3.571111 -0.100000 0.211330
v 3.568927 0.100000 0.207556
v 3.568927 -0.100000 0.207556
v 3.566548 0.100000 0.204656
v 3.566548 -0.100000 0.204656
v 3.563950 0.100000 0.202611
v 3.563950 -0.100000 0.202611
v 3.561109 0.100000 0.201399
v 3.561109 -0.100000 0.201399
v 3.558001 0.100000 0.201000
v 3.558001 -0.100000 0.201000
v 3.554892 0.100000 0.201399
v 3.554892 -0.100000 0.201399
v 3.552051 0.100000 0.202611
v 3.552051 -0.100000 0.202611
v 3.549453 0.100000 0.204656
v 3.549453 -0.100000 0.204656
v 3.547075 0.100000 0.207556
v 3.547075 -0.100000 0.207556
v 3.544890 0.100000 0.211330
v 3.544890 -0.100000 0.211330
v 3.542876 0.100000 0.216000
v 3.542876 -0.100000 0.216000
v 3.541007 0.100000 0.221587
v 3.541007 -0.100000 0.221587
v 3.539260 0.100000 0.228111
v 3.539260 -0.100000 0.228111
v 3.537610 0.100000 0.235594
v 3.537610 -0.100000 0.235594
v 3.536033 0.100000 0.244056
v 3.536033 -0.100000 0.244056
v 3.534505 0.100000 0.253517
v 3.534505 -0.100000 0.253517
v 3.533001 0.100000 0.264000
v 3.533001 -0.100000 0.264000
v 3.508001 0.100000 0.436000
v 3.508001 -0.100000 0.436000
v 3.507042 0.100000 0.442937
v 3.507042 -0.100000 0.442937
v 3.506167 0.100000 0.450245
v 3.506167 -0.100000 0.450245
v 3.505376 0.100000 0.457922
v 3.505376 -0.100000 0.457922
v 3.504667 0.100000 0.465963
v 3.504667 -0.100000 0.465963
v 3.504042 0.100000 0.474365
v 3.504042 -0.100000 0.474365
v 3.503500 0.100000 0.483125
v 3.503500 -0.100000 0.483125
v 3.503042 0.100000 0.492239
v 3.503042 -0.100000 0.492239
v 3.502667 0.100000 0.501704
v 3.502667 -0.100000 0.501704
v 3.502375 0.100000 0.511516
v 3.502375 -0.100000 0.511516
v 3.502167 0.100000 0.521671
v 3.502167 -0.100000 0.521671
v 3.502042 0.100000 0.532167
v 3.502042 -0.100000 0.532167
v 3.502001 0.100000 0.543000
v 3.502001 -0.100000 0.543000
v 3.502376 0.100000 0.566709
v 3.502376 -0.100000 0.566709
v 3.503509 0.100000 0.588338
v 3.503509 -0.100000 0.588338
v 3.505406 0.100000 0.607891
v 3.505406 -0.100000 0.607891
v 3.508074 0.100000 0.625370
v 3.508074 -0.100000 0.625370
v 3.511520 0.100000 0.640781
v 3.511520 -0.100000 0.640781
v 3.515750 0.100000 0.654125
v 3.515750 -0.100000 0.654125
v 3.520772 0.100000 0.665407
v 3.520772 -0.100000 0.665407
v 3.526593 0.100000 0.674630
v 3.526593 -0.100000 0.674630
v 3.533219 0.100000 0.681797
v 3.533219 -0.100000 0.681797
v 3.540658 0.100000 0.686912
v 3.540658 -0.100000 0.686912
v 3.548916 0.100000 0.689979
v 3.548916 -0.100000 0.689979
v 3.558001 0.100000 0.691000
v 3.558001 -0.100000 0.691000
v 3.618451 0.100000 0.042887
v 3.618451 -0.100000 0.042887
v 3.616849 0.100000 0.035097
v 3.616849 -0.100000 0.035097
v 3.614267 0.100000 0.027703
v 3.614267 -0.100000 0.027703
v 3.610779 0.100000 0.020778
v 3.610779 -0.100000 0.020778
v 3.606458 0.100000 0.014394
v 3.606458 -0.100000 0.014394
v 3.601376 0.100000 0.008625
v 3.601376 -0.100000 0.008625
v 3.595607 0.100000 0.003543
v 3.595607 -0.100000 0.003543
v 3.589223 0.100000 -0.000778
v 3.589223 -0.100000 -0.000778
v 3.582298 0.100000 -0.004266
v 3.582298 -0.100000 -0.004266
v 3.574904 0.100000 -0.006847
v 3.574904 -0.100000 -0.006847
v 3.567114 0.100000 -0.008450
v 3.567114 -0.100000 -0.008450
v 3.559001 0.100000 -0.009000
v 3.559001 -0.100000 -0.009000
v 3.550889 0.100000 -0.008450
v 3.550889 -0.100000 -0.008450
v 3.543099 0.100000 -0.006847
v 3.543099 -0.100000 -0.006847
v 3.535704 0.100000 -0.004266
v 3.535704 -0.100000 -0.004266
v 3.528779 0.100000 -0.000778
v 3.528779 -0.100000 -0.000778
v 3.522395 0.100000 0.003543
v 3.522395 -0.100000 0.003543
v 3.516626 0.100000 0.008625
v 3.516626 -0.100000 0.008625
v 3.511544 0.100000 0.014394
v 3.511544 -0.100000 0.014394
v 3.507223 0.100000 0.020778
v 3.507223 -0.100000 0.020778
v 3.503735 0.100000 0.027703
v 3.503735 -0.100000 0.027703
v 3.501154 0.100000 0.035097
v 3.501154 -0.100000 0.035097
v 3.499551 0.100000 0.042887
v 3.499551 -0.100000 0.042887
v 3.499001 0.100000 0.051000
v 3.499001 -0.100000 0.051000
v 3.499550 0.100000 0.059113
v 3.499550 -0.100000 0.059113
v 3.501153 0.100000 0.066903
v 3.501153 -0.100000 0.066903
v 3.503734 0.100000 0.074297
v 3.503734 -0.100000 0.074297
v 3.507222 0.100000 0.081222
v 3.507222 -0.100000 0.081222
v 3.511544 0.100000 0.087606
v 3.511544 -0.100000 0.087606
v 3.516625 0.100000 0.093375
v 3.516625 -0.100000 0.093375
v 3.522394 0.100000 0.098457
v 3.522394 -0.100000 0.098457
v 3.528778 0.100000 0.102778
v 3.528778 -0.100000 0.102778
v 3.535703 0.100000 0.106266
v 3.535703 -0.100000 0.106266
v 3.543098 0.100000 0.108847
v 3.543098 -0.100000 0.108847
v 3.550888 0.100000 0.110450
v 3.550888 -0.100000 0.110450
v 3.559001 0.100000 0.111000
v 3.559001 -0.100000 0.111000
v 3.567113 0.100000 0.110450
v 3.567113 -0.100000 0.110450
v 3.574903 0.100000 0.108847
v 3.574903 -0.100000 0.108847
v 3.582297 0.100000 0.106266
v 3.582297 -0.100000 0.106266
v 3.589222 0.100000 0.102778
v 3.589222 -0.100000 0.102778
v 3.595606 0.100000 0.098457
v 3.595606 -0.100000 0.098457
v 3.601375 0.100000 0.093375
v 3.601375 -0.100000 0.093375
v 3.606457 0.100000 0.087606
v 3.606457 -0.100000 0.087606
v 3.610778 0.100000 0.081222
v 3.610778 -0.100000 0.081222
v 3.614266 0.100000 0.074297
v 3.614266 -0.100000 0.074297
v 3.616848 0.100000 0.066903
v 3.616848 -0.100000 0.066903
v 3.618450 0.100000 0.059113
v 3.618450 -0.100000 0.059113
v 3.619001 0.100000 0.051000
v 3.619001 -0.100000 0.051000
vn -0.0000 -1.0000 -0.0000
vn -0.0000 1.0000 -0.0000
vn 0.1249 -0.0000 0.9922
vn 0.0302 -0.0000 0.9995
vn 0.2562 -0.0000 0.9666
vn 0.3895 -0.0000 0.9210
vn 0.5182 -0.0000 0.8552
vn 0.6363 -0.0000 0.7715
vn 0.7389 -0.0000 0.6739
vn 0.8236 -0.0000 0.5671
vn 0.8902 -0.0000 0.4556
vn 0.9397 -0.0000 0.3421
vn 0.9736 -0.0000 0.2283
vn 0.9934 -0.0000 0.1145
vn 1.0000 -0.0000 -0.0037
vn 0.9916 -0.0000 -0.1291
vn 0.9668 -0.0000 -0.2555
vn 0.9261 -0.0000 -0.3773
vn 0.8699 -0.0000 -0.4933
vn 0.7985 -0.0000 -0.6021
vn 0.7124 -0.0000 -0.7018
vn 0.6126 -0.0000 -0.7904
vn 0.5010 -0.0000 -0.8654
vn 0.6127 -0.0000 -0.7904
vn 0.3802 -0.0000 -0.9249
vn 0.2537 -0.0000 -0.9673
vn 0.1257 -0.0000 -0.9921
vn 0.0309 -0.0000 -0.9995
vn -0.7071 -0.0000 -0.7071
vn -0.7071 -0.0000 0.7071
vn -0.1357 -0.0000 0.9908
vn -0.0324 -0.0000 0.9995
vn -0.2813 -0.0000 0.9596
vn -0.4297 -0.0000 0.9030
vn -0.5699 -0.0000 0.8217
vn -0.6924 -0.0000 0.7216
vn -0.7915 -0.0000 0.6112
vn -0.6923 -0.0000 0.7216
vn -0.8666 -0.0000 0.4989
vn -0.9207 -0.0000 0.3903
vn -0.9577 -0.0000 0.2879
vn -0.9816 -0.0000 0.1911
vn -0.9953 -0.0000 0.0970
vn -1.0000 -0.0000 -0.0020
vn -0.9939 -0.0000 -0.1105
vn -0.9740 -0.0000 -0.2267
vn -0.9375 -0.0000 -0.3479
vn -0.8820 -0.0000 -0.4712
vn -0.8062 -0.0000 -0.5917
vn -0.7106 -0.0000 -0.7036
vn -0.5986 -0.0000 -0.8010
vn -0.4759 -0.0000 -0.8795
vn -0.3492 -0.0000 -0.9370
vn -0.2250 -0.0000 -0.9744
vn -0.1080 -0.0000 -0.9942
vn -0.0259 -0.0000 -0.9997
vn 0.7071 -0.0000 -0.7071
vn 0.7071 -0.0000 0.7071
vn -0.5420 -0.0000 -0.8404
vn 0.5507 -0.0000 -0.8347
vn 0.5508 -0.0000 -0.8347
vn -0.8345 -0.0000 -0.5510
vn -0.5510 -0.0000 0.8345
vn 0.5449 -0.0000 0.8385
vn 0.8385 -0.0000 -0.5449
vn 0.5448 -0.0000 0.8385
vn 0.8385 -0.0000 -0.5448
vn 0.0136 -0.0000 -0.9999
vn -0.8387 -0.0000 0.5446
vn 0.8312 -0.0000 0.5560
vn 0.0137 -0.0000 -0.9999
vn 0.8311 -0.0000 0.5561
vn 0.9650 -0.0000 -0.2621
vn 0.9912 -0.0000 -0.1322
vn 0.9223 -0.0000 -0.3864
vn 0.8642 -0.0000 -0.5031
vn 0.9223 -0.0000 -0.3865
vn 0.7921 -0.0000 -0.6104
vn 0.6104 -0.0000 -0.7921
vn 0.5031 -0.0000 -0.8642
vn 0.3865 -0.0000 -0.9223
vn 0.2621 -0.0000 -0.9650
vn 0.1322 -0.0000 -0.9912
vn -0.0000 -0.0000 -1.0000
vn -0.1322 -0.0000 -0.9912
vn -0.2621 -0.0000 -0.9650
vn -0.3865 -0.0000 -0.9223
vn -0.5031 -0.0000 -0.8642
vn -0.6104 -0.0000 -0.7921
vn -0.7921 -0.0000 -0.6104
vn -0.8642 -0.0000 -0.5031
vn -0.9223 -0.0000 -0.3865
vn -0.9650 -0.0000 -0.2621
vn -0.9912 -0.0000 -0.1322
vn -1.0000 -0.0000 -0.0000
vn -0.9912 -0.0000 0.1322
vn -0.9650 -0.0000 0.2621
vn -0.9223 -0.0000 0.3865
vn -0.8642 -0.0000 0.5031
vn -0.7921 -0.0000 0.6104
vn -0.6104 -0.0000 0.7921
vn -0.5031 -0.0000 0.8642
vn -0.3865 -0.0000 0.9223
vn -0.2621 -0.0000 0.9650
vn -0.1322 -0.0000 0.9912
vn -0.0000 -0.0000 1.0000
vn 0.1322 -0.0000 0.9912
vn 0.2621 -0.0000 0.9650
vn 0.3865 -0.0000 0.9223
vn 0.5031 -0.0000 0.8642
vn 0.6104 -0.0000 0.7921
vn 0.7921 -0.0000 0.6104
vn 0.8642 -0.0000 0.5031
vn 0.9223 -0.0000 0.3864
vn 0.9651 -0.0000 0.2621
vn 0.9223 -0.0000 0.3865
vn 0.9912 -0.0000 0.1322
vn 0.9650 -0.0000 0.2621
vn 1.0000 -0.0000 -0.0000
vn 0.5183 -0.0000 0.8552
vn 1.0000 -0.0000 -0.0038
vn -0.9207 -0.0000 0.3904
vn 0.9651 -0.0000 -0.2621
vn -0.6105 -0.0000 -0.7921
vn -0.9651 -0.0000 -0.2621
vn -0.9651 -0.0000 0.2620
vn -0.9912 -0.0000 0.1323
vn -0.9223 -0.0000 0.3864
vn 0.6105 -0.0000 0.7921
vn 0.9651 -0.0000 0.2620
vn 0.2200 -0.0000 0.9755
vn 0.1053 -0.0000 0.9944
vn 0.3427 -0.0000 0.9395
vn 0.4688 -0.0000 0.8833
vn 0.5921 -0.0000 0.8058
vn 0.7056 -0.0000 0.7086
vn 0.8030 -0.0000 0.5960
vn 0.8804 -0.0000 0.4742
vn 0.9370 -0.0000 0.3494
vn 0.9739 -0.0000 0.2269
vn 0.9939 -0.0000 0.1102
vn 1.0000 -0.0000 -0.0019
vn 0.9939 -0.0000 0.1103
vn 0.9930 -0.0000 -0.1184
vn 0.9698 -0.0000 -0.2437
vn 0.9930 -0.0000 -0.1183
vn 0.9273 -0.0000 -0.3743
vn 0.8631 -0.0000 -0.5050
vn 0.7775 -0.0000 -0.6289
vn 0.6734 -0.0000 -0.7393
vn 0.5568 -0.0000 -0.8307
vn 0.4348 -0.0000 -0.9005
vn 0.3142 -0.0000 -0.9494
vn 0.2000 -0.0000 -0.9798
vn 0.0952 -0.0000 -0.9955
vn 0.0227 -0.0000 -0.9997
vn 0.0252 -0.0000 0.9997
vn -0.0946 -0.0000 0.9955
vn -0.0228 -0.0000 0.9997
vn -0.1970 -0.0000 0.9804
vn -0.3075 -0.0000 0.9516
vn -0.4241 -0.0000 0.9056
vn -0.5431 -0.0000 0.8397
vn -0.6588 -0.0000 0.7523
vn -0.7645 -0.0000 0.6447
vn -0.8536 -0.0000 0.5208
vn -0.7645 -0.0000 0.6446
vn -0.9218 -0.0000 0.3876
vn -0.8536 -0.0000 0.5209
vn -0.9676 -0.0000 0.2525
vn -0.9925 -0.0000 0.1222
vn -1.0000 -0.0000 0.0063
vn -0.9954 -0.0000 -0.0956
vn -0.9801 -0.0000 -0.1986
vn -0.9505 -0.0000 -0.3106
vn -0.9801 -0.0000 -0.1985
vn -0.9028 -0.0000 -0.4300
vn -0.9506 -0.0000 -0.3106
vn -0.8333 -0.0000 -0.5528
vn -0.7405 -0.0000 -0.6721
vn -0.6264 -0.0000 -0.7795
vn -0.4975 -0.0000 -0.8674
vn -0.3629 -0.0000 -0.9318
vn -0.2314 -0.0000 -0.9729
vn -0.1098 -0.0000 -0.9940
vn -0.0260 -0.0000 -0.9997
vn 0.4609 -0.0000 0.8875
vn 0.2317 -0.0000 0.9728
vn 0.2316 -0.0000 0.9728
vn 0.6545 -0.0000 0.7561
vn 0.7933 -0.0000 0.6088
vn 0.8819 -0.0000 0.4714
vn 0.7933 -0.0000 0.6089
vn 0.9349 -0.0000 0.3550
vn 0.9655 -0.0000 0.2604
vn 0.9828 -0.0000 0.1847
vn 0.9923 -0.0000 0.1238
vn 0.9828 -0.0000 0.1846
vn 0.9972 -0.0000 0.0745
vn 0.9923 -0.0000 0.1237
vn 0.9994 -0.0000 0.0341
vn 1.0000 -0.0000 0.0060
vn 1.0000 -0.0000 -0.0079
vn 0.9999 -0.0000 -0.0163
vn 1.0000 -0.0000 -0.0078
vn 0.9997 -0.0000 -0.0252
vn 0.9999 -0.0000 -0.0161
vn 0.9994 -0.0000 -0.0346
vn 0.9997 -0.0000 -0.0251
vn 0.9990 -0.0000 -0.0448
vn 0.9984 -0.0000 -0.0560
vn 0.9990 -0.0000 -0.0449
vn 0.9977 -0.0000 -0.0680
vn 0.9967 -0.0000 -0.0809
vn 0.9955 -0.0000 -0.0951
vn 0.9967 -0.0000 -0.0811
vn 0.9939 -0.0000 -0.1107
vn 0.9955 -0.0000 -0.0952
vn 0.9918 -0.0000 -0.1279
vn 0.9901 -0.0000 -0.1404
vn 0.9897 -0.0000 -0.1429
vn 0.9886 -0.0000 -0.1507
vn 0.9852 -0.0000 -0.1713
vn 0.9886 -0.0000 -0.1508
vn 0.9800 -0.0000 -0.1992
vn 0.9852 -0.0000 -0.1714
vn 0.9715 -0.0000 -0.2370
vn 0.9799 -0.0000 -0.1994
vn 0.9576 -0.0000 -0.2881
vn 0.9715 -0.0000 -0.2371
vn 0.9341 -0.0000 -0.3570
vn 0.8934 -0.0000 -0.4492
vn 0.9341 -0.0000 -0.3569
vn 0.8220 -0.0000 -0.5695
vn 0.8934 -0.0000 -0.4493
vn 0.6999 -0.0000 -0.7142
vn 0.5099 -0.0000 -0.8603
vn 0.7000 -0.0000 -0.7141
vn 0.2623 -0.0000 -0.9650
vn 0.5099 -0.0000 -0.8602
vn 0.2624 -0.0000 -0.9650
vn -0.2623 -0.0000 -0.9650
vn -0.5099 -0.0000 -0.8603
vn -0.2624 -0.0000 -0.9650
vn -0.6999 -0.0000 -0.7142
vn -0.5099 -0.0000 -0.8602
vn -0.8220 -0.0000 -0.5695
vn -0.7000 -0.0000 -0.7141
vn -0.8934 -0.0000 -0.4493
vn -0.9341 -0.0000 -0.3571
vn -0.9576 -0.0000 -0.2881
vn -0.9342 -0.0000 -0.3568
vn -0.9715 -0.0000 -0.2371
vn -0.9800 -0.0000 -0.1992
vn -0.9852 -0.0000 -0.1713
vn -0.9799 -0.0000 -0.1993
vn -0.9886 -0.0000 -0.1508
vn -0.9852 -0.0000 -0.1714
vn -0.9897 -0.0000 -0.1429
vn -0.9886 -0.0000 -0.1507
vn -0.9901 -0.0000 -0.1404
vn -0.9918 -0.0000 -0.1279
vn -0.9939 -0.0000 -0.1107
vn -0.9955 -0.0000 -0.0951
vn -0.9967 -0.0000 -0.0809
vn -0.9977 -0.0000 -0.0680
vn -0.9967 -0.0000 -0.0810
vn -0.9984 -0.0000 -0.0560
vn -0.9990 -0.0000 -0.0448
vn -0.9994 -0.0000 -0.0346
vn -0.9990 -0.0000 -0.0450
vn -0.9997 -0.0000 -0.0251
vn -0.9994 -0.0000 -0.0347
vn -0.9999 -0.0000 -0.0162
vn -1.0000 -0.0000 -0.0079
vn -1.0000 -0.0000 0.0059
vn -1.0000 -0.0000 -0.0078
vn -0.9994 -0.0000 0.0341
vn -1.0000 -0.0000 0.0060
vn -0.9972 -0.0000 0.0745
vn -0.9923 -0.0000 0.1237
vn -0.9828 -0.0000 0.1846
vn -0.9923 -0.0000 0.1238
vn -0.9655 -0.0000 0.2604
vn -0.9828 -0.0000 0.1847
vn -0.9349 -0.0000 0.3550
vn -0.8819 -0.0000 0.4714
vn -0.7933 -0.0000 0.6089
vn -0.6545 -0.0000 0.7561
vn -0.7933 -0.0000 0.6088
vn -0.4609 -0.0000 0.8875
vn -0.2316 -0.0000 0.9728
vn 0.9639 -0.0000 -0.2661
vn 0.9909 -0.0000 -0.1349
vn 0.9909 -0.0000 -0.1348
vn 0.9206 -0.0000 -0.3905
vn 0.9639 -0.0000 -0.2662
vn 0.8624 -0.0000 -0.5062
vn 0.9206 -0.0000 -0.3906
vn 0.7909 -0.0000 -0.6120
vn 0.7072 -0.0000 -0.7071
vn 0.7908 -0.0000 -0.6120
vn 0.6120 -0.0000 -0.7909
vn 0.5062 -0.0000 -0.8624
vn 0.3906 -0.0000 -0.9206
vn 0.2661 -0.0000 -0.9639
vn 0.1349 -0.0000 -0.9909
vn -0.1349 -0.0000 -0.9909
vn -0.2661 -0.0000 -0.9639
vn -0.3906 -0.0000 -0.9206
vn -0.2662 -0.0000 -0.9639
vn -0.5062 -0.0000 -0.8624
vn -0.3905 -0.0000 -0.9206
vn -0.6120 -0.0000 -0.7909
vn -0.7070 -0.0000 -0.7072
vn -0.6120 -0.0000 -0.7908
vn -0.7908 -0.0000 -0.6121
vn -0.7072 -0.0000 -0.7071
vn -0.8624 -0.0000 -0.5062
vn -0.7909 -0.0000 -0.6120
vn -0.9206 -0.0000 -0.3905
vn -0.9639 -0.0000 -0.2662
vn -0.9206 -0.0000 -0.3906
vn -0.9909 -0.0000 -0.1349
vn -0.9909 -0.0000 0.1348
vn -1.0000 -0.0000 -0.0001
vn -0.9639 -0.0000 0.2661
vn -0.9909 -0.0000 0.1349
vn -0.9206 -0.0000 0.3905
vn -0.9639 -0.0000 0.2662
vn -0.8624 -0.0000 0.5062
vn -0.9205 -0.0000 0.3907
vn -0.7908 -0.0000 0.6120
vn -0.8624 -0.0000 0.5063
vn -0.7909 -0.0000 0.6120
vn -0.6120 -0.0000 0.7908
vn -0.5062 -0.0000 0.8624
vn -0.6119 -0.0000 0.7909
vn -0.3906 -0.0000 0.9206
vn -0.2662 -0.0000 0.9639
vn -0.3905 -0.0000 0.9206
vn -0.1349 -0.0000 0.9909
vn -0.2661 -0.0000 0.9639
vn 0.1349 -0.0000 0.9909
vn 0.2661 -0.0000 0.9639
vn 0.3906 -0.0000 0.9206
vn 0.2662 -0.0000 0.9639
vn 0.5062 -0.0000 0.8624
vn 0.3905 -0.0000 0.9206
vn 0.6120 -0.0000 0.7909
vn 0.6120 -0.0000 0.7908
vn 0.7908 -0.0000 0.6120
vn 0.8624 -0.0000 0.5063
vn 0.7909 -0.0000 0.6120
vn 0.9205 -0.0000 0.3907
vn 0.8625 -0.0000 0.5061
vn 0.9639 -0.0000 0.2662
vn 0.9206 -0.0000 0.3905
vn 0.9909 -0.0000 0.1349
vn 1.0000 -0.0000 0.0001
vn 0.9655 -0.0000 0.2605
vn 0.9972 -0.0000 0.0744
vn 0.9999 -0.0000 -0.0162
vn 0.9984 -0.0000 -0.0559
vn 0.9977 -0.0000 -0.0679
vn 0.9967 -0.0000 -0.0810
vn 0.9938 -0.0000 -0.1108
vn 0.9918 -0.0000 -0.1280
vn 0.9939 -0.0000 -0.1106
vn 0.9918 -0.0000 -0.1278
vn 0.9852 -0.0000 -0.1712
vn 0.9799 -0.0000 -0.1993
vn -0.5098 -0.0000 -0.8603
vn -0.6998 -0.0000 -0.7143
vn -0.8934 -0.0000 -0.4492
vn -0.9341 -0.0000 -0.3570
vn -0.9341 -0.0000 -0.3569
vn -0.9576 -0.0000 -0.2880
vn -0.9715 -0.0000 -0.2370
vn -0.9918 -0.0000 -0.1280
vn -0.9938 -0.0000 -0.1108
vn -0.9918 -0.0000 -0.1278
vn -0.9955 -0.0000 -0.0952
vn -0.9939 -0.0000 -0.1106
vn -0.9977 -0.0000 -0.0679
vn -0.9984 -0.0000 -0.0559
vn -0.9990 -0.0000 -0.0449
vn -0.9972 -0.0000 0.0744
vn 0.8625 -0.0000 -0.5061
vn 0.9205 -0.0000 -0.3907
vn 0.8624 -0.0000 -0.5063
vn 0.6120 -0.0000 -0.7908
vn 0.3905 -0.0000 -0.9206
vn 0.2662 -0.0000 -0.9639
vn -0.6119 -0.0000 -0.7909
vn -0.8624 -0.0000 -0.5063
vn -0.7908 -0.0000 -0.6120
vn -0.9205 -0.0000 -0.3907
vn -0.9908 -0.0000 -0.1350
vn -0.9639 -0.0000 -0.2661
vn -0.9909 -0.0000 -0.1348
vn -0.9206 -0.0000 0.3906
vn -0.6120 -0.0000 0.7909
vn -0.5063 -0.0000 0.8624
vn 0.5063 -0.0000 0.8624
vn 0.8624 -0.0000 0.5062
vn 0.9206 -0.0000 0.3906
vn 1.0000 -0.0000 0.0061
vn 0.9994 -0.0000 -0.0347
vn 0.9341 -0.0000 -0.3571
vn 0.9342 -0.0000 -0.3568
vn 0.5098 -0.0000 -0.8603
vn -0.8935 -0.0000 -0.4491
vn -0.9897 -0.0000 -0.1430
vn -0.9997 -0.0000 -0.0252
vn -0.9999 -0.0000 -0.0163
vn -0.9997 -0.0000 -0.0250
vn -0.9655 -0.0000 0.2605
vn -0.8819 -0.0000 0.4715
vn 0.5063 -0.0000 -0.8624
vn -0.5063 -0.0000 -0.8624
vn -0.8625 -0.0000 0.5061
vn 0.6119 -0.0000 0.7909
vn 0.9908 -0.0000 0.1350
vn 0.9639 -0.0000 0.2661
vn 0.9909 -0.0000 0.1348
vt 0.809917 0.000000
vt 0.801653 0.000000
vt 0.826446 0.000000
vt 0.818182 0.000000
vt 0.760331 0.000000
vt 0.842975 0.000000
vt 0.768595 0.000000
vt 0.834711 0.000000
vt 0.793388 0.000000
vt 0.785124 0.000000
vt 0.776860 0.000000
vt 0.314050 0.000000
vt 0.305785 0.000000
vt 0.297521 0.000000
vt 0.719008 0.000000
vt 0.710744 0.000000
vt 0.727273 0.000000
vt 0.892562 0.000000
vt 0.884298 0.000000
vt 0.876033 0.000000
vt 0.603306 0.000000
vt 0.595041 0.000000
vt 0.578512 0.000000
vt 0.586777 0.000000
vt 0.752066 0.000000
vt 0.851240 0.000000
vt 0.694215 0.000000
vt 0.685950 0.000000
vt 0.677686 0.000000
vt 0.702479 0.000000
vt 0.669421 0.000000
vt 0.933884 0.000000
vt 0.925620 0.000000
vt 0.900826 0.000000
vt 0.909091 0.000000
vt 0.917355 0.000000
vt 0.008264 0.000000
vt 0.000000 0.000000
vt 0.016529 0.000000
vt 0.644628 0.000000
vt 0.958678 0.000000
vt 0.652893 0.000000
vt 0.950413 0.000000
vt 0.636364 0.000000
vt 0.966942 0.000000
vt 0.619835 0.000000
vt 0.611570 0.000000
vt 0.628099 0.000000
vt 1.000000 0.000000
vt 0.991736 0.000000
vt 0.975207 0.000000
vt 0.983471 0.000000
vt 0.735537 0.000000
vt 0.661157 0.000000
vt 0.743802 0.000000
vt 0.942149 0.000000
vt 0.859504 0.000000
vt 0.867769 0.000000
vt 0.289256 0.000000
vt 0.280992 0.000000
vt 0.322314 0.000000
vt 0.272727 0.000000
vt 0.330579 0.000000
vt 0.264463 0.000000
vt 0.338843 0.000000
vt 0.256198 0.000000
vt 0.347107 0.000000
vt 0.247934 0.000000
vt 0.355372 0.000000
vt 0.239669 0.000000
vt 0.363636 0.000000
vt 0.231405 0.000000
vt 0.371901 0.000000
vt 0.223140 0.000000
vt 0.380165 0.000000
vt 0.214876 0.000000
vt 0.388430 0.000000
vt 0.206612 0.000000
vt 0.396694 0.000000
vt 0.198347 0.000000
vt 0.404959 0.000000
vt 0.190083 0.000000
vt 0.181818 0.000000
vt 0.413223 0.000000
vt 0.421488 0.000000
vt 0.173554 0.000000
vt 0.429752 0.000000
vt 0.165289 0.000000
vt 0.438017 0.000000
vt 0.157025 0.000000
vt 0.446281 0.000000
vt 0.148760 0.000000
vt 0.454545 0.000000
vt 0.140496 0.000000
vt 0.462810 0.000000
vt 0.132231 0.000000
vt 0.471074 0.000000
vt 0.123967 0.000000
vt 0.479339 0.000000
vt 0.115702 0.000000
vt 0.487603 0.000000
vt 0.107438 0.000000
vt 0.495868 0.000000
vt 0.099174 0.000000
vt 0.504132 0.000000
vt 0.090909 0.000000
vt 0.082645 0.000000
vt 0.512397 0.000000
vt 0.074380 0.000000
vt 0.520661 0.000000
vt 0.066116 0.000000
vt 0.528926 0.000000
vt 0.057851 0.000000
vt 0.537190 0.000000
vt 0.049587 0.000000
vt 0.545455 0.000000
vt 0.041322 0.000000
vt 0.553719 0.000000
vt 0.033058 0.000000
vt 0.561983 0.000000
vt 0.024793 0.000000
vt 0.570248 0.000000
vt 0.400000 0.000000
vt 0.300000 0.000000
vt 0.200000 0.000000
vt 0.500000 0.000000
vt 0.600000 0.000000
vt 0.900000 0.000000
vt 0.800000 0.000000
vt 0.100000 0.000000
vt 0.700000 0.000000
vt 0.436364 0.000000
vt 0.418182 0.000000
vt 0.472727 0.000000
vt 0.490909 0.000000
vt 0.981818 0.000000
vt 0.563636 0.000000
vt 0.527273 0.000000
vt 0.509091 0.000000
vt 0.963636 0.000000
vt 0.945455 0.000000
vt 0.018182 0.000000
vt 0.927273 0.000000
vt 0.581818 0.000000
vt 0.381818 0.000000
vt 0.290909 0.000000
vt 0.672727 0.000000
vt 0.690909 0.000000
vt 0.254545 0.000000
vt 0.709091 0.000000
vt 0.236364 0.000000
vt 0.218182 0.000000
vt 0.745455 0.000000
vt 0.763636 0.000000
vt 0.781818 0.000000
vt 0.163636 0.000000
vt 0.145455 0.000000
vt 0.127273 0.000000
vt 0.109091 0.000000
vt 0.836364 0.000000
vt 0.345455 0.000000
vt 0.618182 0.000000
vt 0.327273 0.000000
vt 0.309091 0.000000
vt 0.654545 0.000000
vt 0.854545 0.000000
vt 0.072727 0.000000
vt 0.872727 0.000000
vt 0.054545 0.000000
vt 0.890909 0.000000
vt 0.036364 0.000000
vt 0.574468 0.000000
vt 0.553191 0.000000
vt 0.595745 0.000000
vt 0.404255 0.000000
vt 0.382979 0.000000
vt 0.425532 0.000000
vt 0.361702 0.000000
vt 0.319149 0.000000
vt 0.297872 0.000000
vt 0.340426 0.000000
vt 0.638298 0.000000
vt 0.617021 0.000000
vt 0.680851 0.000000
vt 0.659574 0.000000
vt 0.446809 0.000000
vt 0.276596 0.000000
vt 0.255319 0.000000
vt 0.468085 0.000000
vt 0.234043 0.000000
vt 0.489362 0.000000
vt 0.531915 0.000000
vt 0.510638 0.000000
vt 0.723404 0.000000
vt 0.702128 0.000000
vt 0.829787 0.000000
vt 0.808511 0.000000
vt 0.851064 0.000000
vt 0.148936 0.000000
vt 0.127660 0.000000
vt 0.170213 0.000000
vt 0.106383 0.000000
vt 0.063830 0.000000
vt 0.042553 0.000000
vt 0.085106 0.000000
vt 0.893617 0.000000
vt 0.872340 0.000000
vt 0.936170 0.000000
vt 0.914894 0.000000
vt 0.021277 0.000000
vt 0.191489 0.000000
vt 0.212766 0.000000
vt 0.978723 0.000000
vt 0.744681 0.000000
vt 0.765957 0.000000
vt 0.957447 0.000000
vt 0.787234 0.000000
vt 0.490566 0.000000
vt 0.471698 0.000000
vt 0.981132 0.000000
vt 0.433962 0.000000
vt 0.528302 0.000000
vt 0.452830 0.000000
vt 0.924528 0.000000
vt 0.018868 0.000000
vt 0.943396 0.000000
vt 0.509434 0.000000
vt 0.962264 0.000000
vt 0.547170 0.000000
vt 0.415094 0.000000
vt 0.396226 0.000000
vt 0.566038 0.000000
vt 0.377358 0.000000
vt 0.584906 0.000000
vt 0.867925 0.000000
vt 0.075472 0.000000
vt 0.886792 0.000000
vt 0.056604 0.000000
vt 0.905660 0.000000
vt 0.037736 0.000000
vt 0.226415 0.000000
vt 0.207547 0.000000
vt 0.735849 0.000000
vt 0.339623 0.000000
vt 0.320755 0.000000
vt 0.622642 0.000000
vt 0.641509 0.000000
vt 0.301887 0.000000
vt 0.660377 0.000000
vt 0.283019 0.000000
vt 0.679245 0.000000
vt 0.264151 0.000000
vt 0.698113 0.000000
vt 0.245283 0.000000
vt 0.716981 0.000000
vt 0.754717 0.000000
vt 0.188679 0.000000
vt 0.773585 0.000000
vt 0.169811 0.000000
vt 0.792453 0.000000
vt 0.150943 0.000000
vt 0.811321 0.000000
vt 0.132075 0.000000
vt 0.830189 0.000000
vt 0.113208 0.000000
vt 0.358491 0.000000
vt 0.603774 0.000000
vt 0.849057 0.000000
vt 0.094340 0.000000
vt 0.037037 1.000000
vt 0.000000 1.000000
vt 0.074074 1.000000
vt 0.037037 0.000000
vt 0.111111 1.000000
vt 0.074074 0.000000
vt 0.148148 1.000000
vt 0.111111 0.000000
vt 0.185185 1.000000
vt 0.148148 0.000000
vt 0.222222 1.000000
vt 0.185185 0.000000
vt 0.259259 1.000000
vt 0.222222 0.000000
vt 0.296296 1.000000
vt 0.259259 0.000000
vt 0.333333 1.000000
vt 0.296296 0.000000
vt 0.370370 1.000000
vt 0.333333 0.000000
vt 0.407407 1.000000
vt 0.370370 0.000000
vt 0.444444 1.000000
vt 0.407407 0.000000
vt 0.481481 1.000000
vt 0.444444 0.000000
vt 0.518519 1.000000
vt 0.481481 0.000000
vt 0.555556 1.000000
vt 0.518519 0.000000
vt 0.592593 1.000000
vt 0.555556 0.000000
vt 0.629630 1.000000
vt 0.592593 0.000000
vt 0.666667 1.000000
vt 0.629630 0.000000
vt 0.703704 1.000000
vt 0.666667 0.000000
vt 0.740741 1.000000
vt 0.703704 0.000000
vt 0.777778 1.000000
vt 0.740741 0.000000
vt 0.814815 1.000000
vt 0.777778 0.000000
vt 0.851852 1.000000
vt 0.814815 0.000000
vt 0.888889 1.000000
vt 0.851852 0.000000
vt 0.925926 1.000000
vt 0.888889 0.000000
vt 0.962963 1.000000
vt 0.925926 0.000000
vt 1.000000 1.000000
vt 0.962963 0.000000
vt 0.125000 1.000000
vt 0.250000 1.000000
vt 0.125000 0.000000
vt 0.375000 1.000000
vt 0.250000 0.000000
vt 0.500000 1.000000
vt 0.375000 0.000000
vt 0.625000 1.000000
vt 0.750000 1.000000
vt 0.625000 0.000000
vt 0.875000 1.000000
vt 0.750000 0.000000
vt 0.875000 0.000000
vt 0.020833 1.000000
vt 0.041667 1.000000
vt 0.020833 0.000000
vt 0.062500 1.000000
vt 0.041667 0.000000
vt 0.083333 1.000000
vt 0.062500 0.000000
vt 0.104167 1.000000
vt 0.083333 0.000000
vt 0.104167 0.000000
vt 0.145833 1.000000
vt 0.166667 1.000000
vt 0.145833 0.000000
vt 0.187500 1.000000
vt 0.166667 0.000000
vt 0.208333 1.000000
vt 0.187500 0.000000
vt 0.229167 1.000000
vt 0.208333 0.000000
vt 0.229167 0.000000
vt 0.270833 1.000000
vt 0.291667 1.000000
vt 0.270833 0.000000
vt 0.312500 1.000000
vt 0.291667 0.000000
vt 0.312500 0.000000
vt 0.354167 1.000000
vt 0.354167 0.000000
vt 0.395833 1.000000
vt 0.416667 1.000000
vt 0.395833 0.000000
vt 0.437500 1.000000
vt 0.416667 0.000000
vt 0.458333 1.000000
vt 0.437500 0.000000
vt 0.479167 1.000000
vt 0.458333 0.000000
vt 0.479167 0.000000
vt 0.520833 1.000000
vt 0.541667 1.000000
vt 0.520833 0.000000
vt 0.562500 1.000000
vt 0.541667 0.000000
vt 0.583333 1.000000
vt 0.562500 0.000000
vt 0.604167 1.000000
vt 0.583333 0.000000
vt 0.604167 0.000000
vt 0.645833 1.000000
vt 0.645833 0.000000
vt 0.687500 1.000000
vt 0.708333 1.000000
vt 0.687500 0.000000
vt 0.729167 1.000000
vt 0.708333 0.000000
vt 0.729167 0.000000
vt 0.770833 1.000000
vt 0.791667 1.000000
vt 0.770833 0.000000
vt 0.812500 1.000000
vt 0.791667 0.000000
vt 0.833333 1.000000
vt 0.812500 0.000000
vt 0.854167 1.000000
vt 0.833333 0.000000
vt 0.854167 0.000000
vt 0.895833 1.000000
vt 0.916667 1.000000
vt 0.895833 0.000000
vt 0.937500 1.000000
vt 0.916667 0.000000
vt 0.958333 1.000000
vt 0.937500 0.000000
vt 0.979167 1.000000
vt 0.958333 0.000000
vt 0.979167 0.000000
vt 0.034483 1.000000
vt 0.068966 1.000000
vt 0.034483 0.000000
vt 0.103448 1.000000
vt 0.068966 0.000000
vt 0.137931 1.000000
vt 0.103448 0.000000
vt 0.172414 1.000000
vt 0.137931 0.000000
vt 0.206897 1.000000
vt 0.172414 0.000000
vt 0.241379 1.000000
vt 0.206897 0.000000
vt 0.275862 1.000000
vt 0.241379 0.000000
vt 0.310345 1.000000
vt 0.275862 0.000000
vt 0.344828 1.000000
vt 0.310345 0.000000
vt 0.379310 1.000000
vt 0.344828 0.000000
vt 0.413793 1.000000
vt 0.379310 0.000000
vt 0.448276 1.000000
vt 0.413793 0.000000
vt 0.482759 1.000000
vt 0.448276 0.000000
vt 0.517241 1.000000
vt 0.482759 0.000000
vt 0.551724 1.000000
vt 0.517241 0.000000
vt 0.586207 1.000000
vt 0.551724 0.000000
vt 0.620690 1.000000
vt 0.586207 0.000000
vt 0.655172 1.000000
vt 0.620690 0.000000
vt 0.689655 1.000000
vt 0.655172 0.000000
vt 0.724138 1.000000
vt 0.689655 0.000000
vt 0.758621 1.000000
vt 0.724138 0.000000
vt 0.793103 1.000000
vt 0.758621 0.000000
vt 0.827586 1.000000
vt 0.793103 0.000000
vt 0.862069 1.000000
vt 0.827586 0.000000
vt 0.896552 1.000000
vt 0.862069 0.000000
vt 0.931035 1.000000
vt 0.896552 0.000000
vt 0.965517 1.000000
vt 0.931035 0.000000
vt 0.965517 0.000000
vt 0.013514 1.000000
vt 0.027027 1.000000
vt 0.013514 0.000000
vt 0.040541 1.000000
vt 0.027027 0.000000
vt 0.054054 1.000000
vt 0.040541 0.000000
vt 0.067568 1.000000
vt 0.054054 0.000000
vt 0.081081 1.000000
vt 0.067568 0.000000
vt 0.094595 1.000000
vt 0.081081 0.000000
vt 0.108108 1.000000
vt 0.094595 0.000000
vt 0.121622 1.000000
vt 0.108108 0.000000
vt 0.135135 1.000000
vt 0.121622 0.000000
vt 0.148649 1.000000
vt 0.135135 0.000000
vt 0.162162 1.000000
vt 0.148649 0.000000
vt 0.175676 1.000000
vt 0.162162 0.000000
vt 0.189189 1.000000
vt 0.175676 0.000000
vt 0.202703 1.000000
vt 0.189189 0.000000
vt 0.216216 1.000000
vt 0.202703 0.000000
vt 0.229730 1.000000
vt 0.216216 0.000000
vt 0.243243 1.000000
vt 0.229730 0.000000
vt 0.256757 1.000000
vt 0.243243 0.000000
vt 0.270270 1.000000
vt 0.256757 0.000000
vt 0.283784 1.000000
vt 0.270270 0.000000
vt 0.297297 1.000000
vt 0.283784 0.000000
vt 0.310811 1.000000
vt 0.297297 0.000000
vt 0.324324 1.000000
vt 0.310811 0.000000
vt 0.337838 1.000000
vt 0.324324 0.000000
vt 0.351351 1.000000
vt 0.337838 0.000000
vt 0.364865 1.000000
vt 0.351351 0.000000
vt 0.378378 1.000000
vt 0.364865 0.000000
vt 0.391892 1.000000
vt 0.378378 0.000000
vt 0.405405 1.000000
vt 0.391892 0.000000
vt 0.418919 1.000000
vt 0.405405 0.000000
vt 0.432432 1.000000
vt 0.418919 0.000000
vt 0.445946 1.000000
vt 0.432432 0.000000
vt 0.459459 1.000000
vt 0.445946 0.000000
vt 0.472973 1.000000
vt 0.459459 0.000000
vt 0.486486 1.000000
vt 0.472973 0.000000
vt 0.486486 0.000000
vt 0.513514 1.000000
vt 0.527027 1.000000
vt 0.513514 0.000000
vt 0.540541 1.000000
vt 0.527027 0.000000
vt 0.554054 1.000000
vt 0.540541 0.000000
vt 0.567568 1.000000
vt 0.554054 0.000000
vt 0.581081 1.000000
vt 0.567568 0.000000
vt 0.594595 1.000000
vt 0.581081 0.000000
vt 0.608108 1.000000
vt 0.594595 0.000000
vt 0.621622 1.000000
vt 0.608108 0.000000
vt 0.635135 1.000000
vt 0.621622 0.000000
vt 0.648649 1.000000
vt 0.635135 0.000000
vt 0.662162 1.000000
vt 0.648649 0.000000
vt 0.675676 1.000000
vt 0.662162 0.000000
vt 0.689189 1.000000
vt 0.675676 0.000000
vt 0.702703 1.000000
vt 0.689189 0.000000
vt 0.716216 1.000000
vt 0.702703 0.000000
vt 0.729730 1.000000
vt 0.716216 0.000000
vt 0.743243 1.000000
vt 0.729730 0.000000
vt 0.756757 1.000000
vt 0.743243 0.000000
vt 0.770270 1.000000
vt 0.756757 0.000000
vt 0.783784 1.000000
vt 0.770270 0.000000
vt 0.797297 1.000000
vt 0.783784 0.000000
vt 0.810811 1.000000
vt 0.797297 0.000000
vt 0.824324 1.000000
vt 0.810811 0.000000
vt 0.837838 1.000000
vt 0.824324 0.000000
vt 0.851351 1.000000
vt 0.837838 0.000000
vt 0.864865 1.000000
vt 0.851351 0.000000
vt 0.878378 1.000000
vt 0.864865 0.000000
vt 0.891892 1.000000
vt 0.878378 0.000000
vt 0.905405 1.000000
vt 0.891892 0.000000
vt 0.918919 1.000000
vt 0.905405 0.000000
vt 0.932432 1.000000
vt 0.918919 0.000000
vt 0.945946 1.000000
vt 0.932432 0.000000
vt 0.959459 1.000000
vt 0.945946 0.000000
vt 0.972973 1.000000
vt 0.959459 0.000000
vt 0.986486 1.000000
vt 0.972973 0.000000
vt 0.986486 0.000000
s 0
f 99/1/1 98/2/1 101/3/1
f 100/4/1 99/1/1 101/3/1
f 93/5/1 103/6/1 94/7/1
f 102/8/1 94/7/1 103/6/1
f 97/9/1 96/10/1 95/11/1
f 98/2/1 97/9/1 95/11/1
f 95/11/1 94/7/1 98/2/1
f 94/7/1 102/8/1 98/2/1
f 101/3/1 98/2/1 102/8/1
f 39/12/1 38/13/1 37/14/1
f 88/15/1 87/16/1 89/17/1
f 109/18/1 108/19/1 107/20/1
f 74/21/1 73/22/1 71/23/1
f 73/22/1 72/24/1 71/23/1
f 92/25/1 104/26/1 93/5/1
f 103/6/1 93/5/1 104/26/1
f 85/27/1 84/28/1 83/29/1
f 86/30/1 85/27/1 83/29/1
f 83/29/1 82/31/1 86/30/1
f 114/32/1 113/33/1 110/34/1
f 111/35/1 110/34/1 113/33/1
f 112/36/1 111/35/1 113/33/1
f 2/37/1 1/38/1 3/39/1
f 79/40/1 117/41/1 80/42/1
f 116/43/1 80/42/1 117/41/1
f 78/44/1 118/45/1 79/40/1
f 117/41/1 79/40/1 118/45/1
f 76/46/1 75/47/1 77/48/1
f 75/47/1 122/49/1 77/48/1
f 122/49/1 121/50/1 119/51/1
f 120/52/1 119/51/1 121/50/1
f 77/48/1 122/49/1 78/44/1
f 118/45/1 78/44/1 122/49/1
f 122/49/1 119/51/1 118/45/1
f 89/17/1 87/16/1 86/30/1
f 90/53/1 89/17/1 86/30/1
f 86/30/1 82/31/1 90/53/1
f 82/31/1 81/54/1 90/53/1
f 91/55/1 90/53/1 81/54/1
f 81/54/1 80/42/1 91/55/1
f 92/25/1 91/55/1 80/42/1
f 80/42/1 116/43/1 92/25/1
f 104/26/1 92/25/1 116/43/1
f 116/43/1 115/56/1 104/26/1
f 105/57/1 104/26/1 115/56/1
f 115/56/1 114/32/1 105/57/1
f 106/58/1 105/57/1 114/32/1
f 114/32/1 110/34/1 106/58/1
f 107/20/1 106/58/1 110/34/1
f 109/18/1 107/20/1 110/34/1
f 36/59/1 35/60/1 37/14/1
f 39/12/1 37/14/1 35/60/1
f 40/61/1 39/12/1 35/60/1
f 35/60/1 34/62/1 40/61/1
f 41/63/1 40/61/1 34/62/1
f 34/62/1 33/64/1 41/63/1
f 42/65/1 41/63/1 33/64/1
f 33/64/1 32/66/1 42/65/1
f 43/67/1 42/65/1 32/66/1
f 32/66/1 31/68/1 43/67/1
f 44/69/1 43/67/1 31/68/1
f 31/68/1 30/70/1 44/69/1
f 45/71/1 44/69/1 30/70/1
f 30/70/1 29/72/1 45/71/1
f 46/73/1 45/71/1 29/72/1
f 29/72/1 28/74/1 46/73/1
f 47/75/1 46/73/1 28/74/1
f 28/74/1 27/76/1 47/75/1
f 48/77/1 47/75/1 27/76/1
f 27/76/1 26/78/1 48/77/1
f 49/79/1 48/77/1 26/78/1
f 26/78/1 25/80/1 49/79/1
f 50/81/1 49/79/1 25/80/1
f 25/80/1 24/82/1 50/81/1
f 24/82/1 23/83/1 50/81/1
f 51/84/1 50/81/1 23/83/1
f 52/85/1 51/84/1 23/83/1
f 23/83/1 22/86/1 52/85/1
f 53/87/1 52/85/1 22/86/1
f 22/86/1 21/88/1 53/87/1
f 54/89/1 53/87/1 21/88/1
f 21/88/1 20/90/1 54/89/1
f 55/91/1 54/89/1 20/90/1
f 20/90/1 19/92/1 55/91/1
f 56/93/1 55/91/1 19/92/1
f 19/92/1 18/94/1 56/93/1
f 57/95/1 56/93/1 18/94/1
f 18/94/1 17/96/1 57/95/1
f 58/97/1 57/95/1 17/96/1
f 17/96/1 16/98/1 58/97/1
f 59/99/1 58/97/1 16/98/1
f 16/98/1 15/100/1 59/99/1
f 60/101/1 59/99/1 15/100/1
f 15/100/1 14/102/1 60/101/1
f 61/103/1 60/101/1 14/102/1
f 14/102/1 13/104/1 61/103/1
f 62/105/1 61/103/1 13/104/1
f 13/104/1 12/106/1 62/105/1
f 12/106/1 11/107/1 62/105/1
f 63/108/1 62/105/1 11/107/1
f 11/107/1 10/109/1 63/108/1
f 64/110/1 63/108/1 10/109/1
f 10/109/1 9/111/1 64/110/1
f 65/112/1 64/110/1 9/111/1
f 9/111/1 8/113/1 65/112/1
f 66/114/1 65/112/1 8/113/1
f 8/113/1 7/115/1 66/114/1
f 67/116/1 66/114/1 7/115/1
f 7/115/1 6/117/1 67/116/1
f 68/118/1 67/116/1 6/117/1
f 6/117/1 5/119/1 68/118/1
f 69/120/1 68/118/1 5/119/1
f 5/119/1 4/121/1 69/120/1
f 70/122/1 69/120/1 4/121/1
f 4/121/1 3/39/1 70/122/1
f 71/23/1 70/122/1 3/39/1
f 74/21/1 71/23/1 3/39/1
f 3/39/1 1/38/1 74/21/1
f 221/1/1 220/2/1 223/3/1
f 222/4/1 221/1/1 223/3/1
f 215/5/1 225/6/1 216/7/1
f 224/8/1 216/7/1 225/6/1
f 219/9/1 218/10/1 217/11/1
f 220/2/1 219/9/1 217/11/1
f 217/11/1 216/7/1 220/2/1
f 216/7/1 224/8/1 220/2/1
f 223/3/1 220/2/1 224/8/1
f 161/12/1 160/13/1 159/14/1
f 210/15/1 209/16/1 211/17/1
f 231/18/1 230/19/1 229/20/1
f 196/21/1 195/22/1 193/23/1
f 195/22/1 194/24/1 193/23/1
f 214/25/1 226/26/1 215/5/1
f 225/6/1 215/5/1 226/26/1
f 207/27/1 206/28/1 205/29/1
f 208/30/1 207/27/1 205/29/1
f 205/29/1 204/31/1 208/30/1
f 236/32/1 235/33/1 232/34/1
f 233/35/1 232/34/1 235/33/1
f 234/36/1 233/35/1 235/33/1
f 124/37/1 123/38/1 125/39/1
f 201/40/1 239/41/1 202/42/1
f 238/43/1 202/42/1 239/41/1
f 200/44/1 240/45/1 201/40/1
f 239/41/1 201/40/1 240/45/1
f 198/46/1 197/47/1 199/48/1
f 197/47/1 244/49/1 199/48/1
f 244/49/1 243/50/1 241/51/1
f 242/52/1 241/51/1 243/50/1
f 199/48/1 244/49/1 200/44/1
f 240/45/1 200/44/1 244/49/1
f 244/49/1 241/51/1 240/45/1
f 211/17/1 209/16/1 208/30/1
f 212/53/1 211/17/1 208/30/1
f 208/30/1 204/31/1 212/53/1
f 204/31/1 203/54/1 212/53/1
f 213/55/1 212/53/1 203/54/1
f 203/54/1 202/42/1 213/55/1
f 214/25/1 213/55/1 202/42/1
f 202/42/1 238/43/1 214/25/1
f 226/26/1 214/25/1 238/43/1
f 238/43/1 237/56/1 226/26/1
f 227/57/1 226/26/1 237/56/1
f 237/56/1 236/32/1 227/57/1
f 228/58/1 227/57/1 236/32/1
f 236/32/1 232/34/1 228/58/1
f 229/20/1 228/58/1 232/34/1
f 231/18/1 229/20/1 232/34/1
f 158/59/1 157/60/1 159/14/1
f 161/12/1 159/14/1 157/60/1
f 162/61/1 161/12/1 157/60/1
f 157/60/1 156/62/1 162/61/1
f 163/63/1 162/61/1 156/62/1
f 156/62/1 155/64/1 163/63/1
f 164/65/1 163/63/1 155/64/1
f 155/64/1 154/66/1 164/65/1
f 165/67/1 164/65/1 154/66/1
f 154/66/1 153/68/1 165/67/1
f 166/69/1 165/67/1 153/68/1
f 153/68/1 152/70/1 166/69/1
f 167/71/1 166/69/1 152/70/1
f 152/70/1 151/72/1 167/71/1
f 168/73/1 167/71/1 151/72/1
f 151/72/1 150/74/1 168/73/1
f 169/75/1 168/73/1 150/74/1
f 150/74/1 149/76/1 169/75/1
f 170/77/1 169/75/1 149/76/1
f 149/76/1 148/78/1 170/77/1
f 171/79/1 170/77/1 148/78/1
f 148/78/1 147/80/1 171/79/1
f 172/81/1 171/79/1 147/80/1
f 147/80/1 146/82/1 172/81/1
f 146/82/1 145/83/1 172/81/1
f 173/84/1 172/81/1 145/83/1
f 174/85/1 173/84/1 145/83/1
f 145/83/1 144/86/1 174/85/1
f 175/87/1 174/85/1 144/86/1
f 144/86/1 143/88/1 175/87/1
f 176/89/1 175/87/1 143/88/1
f 143/88/1 142/90/1 176/89/1
f 177/91/1 176/89/1 142/90/1
f 142/90/1 141/92/1 177/91/1
f 178/93/1 177/91/1 141/92/1
f 141/92/1 140/94/1 178/93/1
f 179/95/1 178/93/1 140/94/1
f 140/94/1 139/96/1 179/95/1
f 180/97/1 179/95/1 139/96/1
f 139/96/1 138/98/1 180/97/1
f 181/99/1 180/97/1 138/98/1
f 138/98/1 137/100/1 181/99/1
f 182/101/1 181/99/1 137/100/1
f 137/100/1 136/102/1 182/101/1
f 183/103/1 182/101/1 136/102/1
f 136/102/1 135/104/1 183/103/1
f 184/105/1 183/103/1 135/104/1
f 135/104/1 134/106/1 184/105/1
f 134/106/1 133/107/1 184/105/1
f 185/108/1 184/105/1 133/107/1
f 133/107/1 132/109/1 185/108/1
f 186/110/1 185/108/1 132/109/1
f 132/109/1 131/111/1 186/110/1
f 187/112/1 186/110/1 131/111/1
f 131/111/1 130/113/1 187/112/1
f 188/114/1 187/112/1 130/113/1
f 130/113/1 129/115/1 188/114/1
f 189/116/1 188/114/1 129/115/1
f 129/115/1 128/117/1 189/116/1
f 190/118/1 189/116/1 128/117/1
f 128/117/1 127/119/1 190/118/1
f 191/120/1 190/118/1 127/119/1
f 127/119/1 126/121/1 191/120/1
f 192/122/1 191/120/1 126/121/1
f 126/121/1 125/39/1 192/122/1
f 193/23/1 192/122/1 125/39/1
f 196/21/1 193/23/1 125/39/1
f 125/39/1 123/38/1 196/21/1
f 343/1/1 342/2/1 345/3/1
f 344/4/1 343/1/1 345/3/1
f 337/5/1 347/6/1 338/7/1
f 346/8/1 338/7/1 347/6/1
f 341/9/1 340/10/1 339/11/1
f 342/2/1 341/9/1 339/11/1
f 339/11/1 338/7/1 342/2/1
f 338/7/1 346/8/1 342/2/1
f 345/3/1 342/2/1 346/8/1
f 283/12/1 282/13/1 281/14/1
f 332/15/1 331/16/1 333/17/1
f 353/18/1 352/19/1 351/20/1
f 318/21/1 317/22/1 315/23/1
f 317/22/1 316/24/1 315/23/1
f 336/25/1 348/26/1 337/5/1
f 347/6/1 337/5/1 348/26/1
f 329/27/1 328/28/1 327/29/1
f 330/30/1 329/27/1 327/29/1
f 327/29/1 326/31/1 330/30/1
f 358/32/1 357/33/1 354/34/1
f 355/35/1 354/34/1 357/33/1
f 356/36/1 355/35/1 357/33/1
f 246/37/1 245/38/1 247/39/1
f 323/40/1 361/41/1 324/42/1
f 360/43/1 324/42/1 361/41/1
f 322/44/1 362/45/1 323/40/1
f 361/41/1 323/40/1 362/45/1
f 320/46/1 319/47/1 321/48/1
f 319/47/1 366/49/1 321/48/1
f 366/49/1 365/50/1 363/51/1
f 364/52/1 363/51/1 365/50/1
f 321/48/1 366/49/1 322/44/1
f 362/45/1 322/44/1 366/49/1
f 366/49/1 363/51/1 362/45/1
f 333/17/1 331/16/1 330/30/1
f 334/53/1 333/17/1 330/30/1
f 330/30/1 326/31/1 334/53/1
f 326/31/1 325/54/1 334/53/1
f 335/55/1 334/53/1 325/54/1
f 325/54/1 324/42/1 335/55/1
f 336/25/1 335/55/1 324/42/1
f 324/42/1 360/43/1 336/25/1
f 348/26/1 336/25/1 360/43/1
f 360/43/1 359/56/1 348/26/1
f 349/57/1 348/26/1 359/56/1
f 359/56/1 358/32/1 349/57/1
f 350/58/1 349/57/1 358/32/1
f 358/32/1 354/34/1 350/58/1
f 351/20/1 350/58/1 354/34/1
f 353/18/1 351/20/1 354/34/1
f 280/59/1 279/60/1 281/14/1
f 283/12/1 281/14/1 279/60/1
f 284/61/1 283/12/1 279/60/1
f 279/60/1 278/62/1 284/61/1
f 285/63/1 284/61/1 278/62/1
f 278/62/1 277/64/1 285/63/1
f 286/65/1 285/63/1 277/64/1
f 277/64/1 276/66/1 286/65/1
f 287/67/1 286/65/1 276/66/1
f 276/66/1 275/68/1 287/67/1
f 288/69/1 287/67/1 275/68/1
f 275/68/1 274/70/1 288/69/1
f 289/71/1 288/69/1 274/70/1
f 274/70/1 273/72/1 289/71/1
f 290/73/1 289/71/1 273/72/1
f 273/72/1 272/74/1 290/73/1
f 291/75/1 290/73/1 272/74/1
f 272/74/1 271/76/1 291/75/1
f 292/77/1 291/75/1 271/76/1
f 271/76/1 270/78/1 292/77/1
f 293/79/1 292/77/1 270/78/1
f 270/78/1 269/80/1 293/79/1
f 294/81/1 293/79/1 269/80/1
f 269/80/1 268/82/1 294/81/1
f 268/82/1 267/83/1 294/81/1
f 295/84/1 294/81/1 267/83/1
f 296/85/1 295/84/1 267/83/1
f 267/83/1 266/86/1 296/85/1
f 297/87/1 296/85/1 266/86/1
f 266/86/1 265/88/1 297/87/1
f 298/89/1 297/87/1 265/88/1
f 265/88/1 264/90/1 298/89/1
f 299/91/1 298/89/1 264/90/1
f 264/90/1 263/92/1 299/91/1
f 300/93/1 299/91/1 263/92/1
f 263/92/1 262/94/1 300/93/1
f 301/95/1 300/93/1 262/94/1
f 262/94/1 261/96/1 301/95/1
f 302/97/1 301/95/1 261/96/1
f 261/96/1 260/98/1 302/97/1
f 303/99/1 302/97/1 260/98/1
f 260/98/1 259/100/1 303/99/1
f 304/101/1 303/99/1 259/100/1
f 259/100/1 258/102/1 304/101/1
f 305/103/1 304/101/1 258/102/1
f 258/102/1 257/104/1 305/103/1
f 306/105/1 305/103/1 257/104/1
f 257/104/1 256/106/1 306/105/1
f 256/106/1 255/107/1 306/105/1
f 307/108/1 306/105/1 255/107/1
f 255/107/1 254/109/1 307/108/1
f 308/110/1 307/108/1 254/109/1
f 254/109/1 253/111/1 308/110/1
f 309/112/1 308/110/1 253/111/1
f 253/111/1 252/113/1 309/112/1
f 310/114/1 309/112/1 252/113/1
f 252/113/1 251/115/1 310/114/1
f 311/116/1 310/114/1 251/115/1
f 251/115/1 250/117/1 311/116/1
f 312/118/1 311/116/1 250/117/1
f 250/117/1 249/119/1 312/118/1
f 313/120/1 312/118/1 249/119/1
f 249/119/1 248/121/1 313/120/1
f 314/122/1 313/120/1 248/121/1
f 248/121/1 247/39/1 314/122/1
f 315/23/1 314/122/1 247/39/1
f 318/21/1 315/23/1 247/39/1
f 247/39/1 245/38/1 318/21/1
f 371/123/1 370/124/1 369/125/1
f 369/125/1 377/49/1 371/123/1
f 377/49/1 372/126/1 371/123/1
f 373/127/1 376/128/1 375/129/1
f 368/130/1 367/38/1 374/131/1
f 368/130/1 374/131/1 375/129/1
f 373/127/1 375/129/1 374/131/1
f 368/130/1 375/129/1 369/125/1
f 377/49/1 369/125/1 375/129/1
f 372/126/1 377/49/1 376/128/1
f 376/128/1 373/127/1 372/126/1
f 433/49/1 402/132/1 401/133/1
f 404/134/1 403/93/1 402/132/1
f 402/132/1 433/49/1 404/134/1
f 405/135/1 404/134/1 433/49/1
f 433/49/1 432/136/1 405/135/1
f 400/123/1 409/137/1 408/116/1
f 400/123/1 408/116/1 407/138/1
f 406/139/1 431/140/1 430/141/1
f 400/123/1 407/138/1 401/133/1
f 433/49/1 401/133/1 407/138/1
f 431/140/1 406/139/1 432/136/1
f 405/135/1 432/136/1 406/139/1
f 428/35/1 379/142/1 429/143/1
f 378/38/1 429/143/1 379/142/1
f 410/144/1 399/145/1 398/71/1
f 411/127/1 410/144/1 398/71/1
f 409/137/1 400/123/1 399/145/1
f 399/145/1 410/144/1 409/137/1
f 429/143/1 378/38/1 430/141/1
f 406/139/1 430/141/1 378/38/1
f 394/146/1 393/62/1 415/147/1
f 416/148/1 415/147/1 393/62/1
f 393/62/1 392/149/1 416/148/1
f 417/150/1 416/148/1 392/149/1
f 392/149/1 391/151/1 417/150/1
f 391/151/1 390/152/1 417/150/1
f 418/17/1 417/150/1 390/152/1
f 390/152/1 389/125/1 418/17/1
f 419/153/1 418/17/1 389/125/1
f 389/125/1 388/83/1 419/153/1
f 420/154/1 419/153/1 388/83/1
f 421/155/1 420/154/1 388/83/1
f 388/83/1 387/156/1 421/155/1
f 422/129/1 421/155/1 387/156/1
f 387/156/1 386/157/1 422/129/1
f 423/4/1 422/129/1 386/157/1
f 386/157/1 385/158/1 423/4/1
f 385/158/1 384/159/1 423/4/1
f 424/160/1 423/4/1 384/159/1
f 384/159/1 383/106/1 424/160/1
f 411/127/1 398/71/1 397/161/1
f 412/162/1 411/127/1 397/161/1
f 397/161/1 396/163/1 412/162/1
f 413/44/1 412/162/1 396/163/1
f 396/163/1 395/164/1 413/44/1
f 414/165/1 413/44/1 395/164/1
f 395/164/1 394/146/1 414/165/1
f 394/146/1 415/147/1 414/165/1
f 424/160/1 383/106/1 425/166/1
f 383/106/1 382/167/1 425/166/1
f 426/168/1 425/166/1 382/167/1
f 382/167/1 381/169/1 426/168/1
f 427/170/1 426/168/1 381/169/1
f 381/169/1 380/171/1 427/170/1
f 428/35/1 427/170/1 380/171/1
f 379/142/1 428/35/1 380/171/1
f 461/172/1 460/173/1 462/174/1
f 453/175/1 452/176/1 454/177/1
f 452/176/1 451/178/1 454/177/1
f 449/179/1 448/180/1 450/181/1
f 464/182/1 463/183/1 466/184/1
f 465/185/1 464/182/1 466/184/1
f 450/181/1 448/180/1 451/178/1
f 454/177/1 451/178/1 448/180/1
f 455/186/1 454/177/1 448/180/1
f 448/180/1 447/187/1 455/186/1
f 447/187/1 446/188/1 455/186/1
f 456/189/1 455/186/1 446/188/1
f 446/188/1 445/190/1 456/189/1
f 457/191/1 456/189/1 445/190/1
f 459/192/1 458/193/1 468/194/1
f 468/194/1 467/195/1 459/192/1
f 467/195/1 466/184/1 459/192/1
f 460/173/1 459/192/1 466/184/1
f 466/184/1 463/183/1 460/173/1
f 462/174/1 460/173/1 463/183/1
f 473/196/1 472/197/1 474/198/1
f 441/199/1 440/200/1 442/201/1
f 440/200/1 439/202/1 442/201/1
f 437/203/1 436/204/1 438/205/1
f 476/206/1 475/207/1 478/208/1
f 477/209/1 476/206/1 478/208/1
f 438/205/1 436/204/1 439/202/1
f 442/201/1 439/202/1 436/204/1
f 436/204/1 435/210/1 442/201/1
f 443/211/1 442/201/1 435/210/1
f 444/212/1 443/211/1 435/210/1
f 435/210/1 434/38/1 444/212/1
f 481/49/1 480/213/1 469/214/1
f 470/215/1 469/214/1 480/213/1
f 480/213/1 479/216/1 470/215/1
f 471/217/1 470/215/1 479/216/1
f 472/197/1 471/217/1 479/216/1
f 479/216/1 478/208/1 472/197/1
f 478/208/1 475/207/1 472/197/1
f 474/198/1 472/197/1 475/207/1
f 444/212/1 434/38/1 445/190/1
f 434/38/1 481/49/1 445/190/1
f 457/191/1 445/190/1 481/49/1
f 481/49/1 469/214/1 457/191/1
f 458/193/1 457/191/1 469/214/1
f 468/194/1 458/193/1 469/214/1
f 486/123/1 485/124/1 484/125/1
f 484/125/1 492/49/1 486/123/1
f 492/49/1 487/126/1 486/123/1
f 488/127/1 491/128/1 490/129/1
f 483/130/1 482/38/1 489/131/1
f 483/130/1 489/131/1 490/129/1
f 488/127/1 490/129/1 489/131/1
f 483/130/1 490/129/1 484/125/1
f 492/49/1 484/125/1 490/129/1
f 487/126/1 492/49/1 491/128/1
f 491/128/1 488/127/1 487/126/1
f 519/218/1 518/219/1 546/49/1
f 519/218/1 546/49/1 545/220/1
f 516/221/1 521/222/1 517/223/1
f 542/224/1 494/225/1 543/226/1
f 493/38/1 543/226/1 494/225/1
f 546/49/1 518/219/1 517/223/1
f 520/227/1 546/49/1 517/223/1
f 517/223/1 521/222/1 520/227/1
f 543/226/1 493/38/1 544/228/1
f 545/220/1 544/228/1 493/38/1
f 519/218/1 545/220/1 493/38/1
f 522/229/1 515/230/1 514/231/1
f 514/231/1 523/232/1 522/229/1
f 523/232/1 514/231/1 513/233/1
f 513/233/1 524/234/1 523/232/1
f 539/235/1 497/236/1 540/237/1
f 497/236/1 496/238/1 540/237/1
f 541/239/1 540/237/1 496/238/1
f 495/240/1 541/239/1 496/238/1
f 521/222/1 516/221/1 515/230/1
f 515/230/1 522/229/1 521/222/1
f 541/239/1 495/240/1 542/224/1
f 494/225/1 542/224/1 495/240/1
f 505/241/1 504/242/1 532/243/1
f 511/244/1 510/245/1 526/246/1
f 527/247/1 526/246/1 510/245/1
f 510/245/1 509/248/1 527/247/1
f 528/249/1 527/247/1 509/248/1
f 509/248/1 508/250/1 528/249/1
f 529/251/1 528/249/1 508/250/1
f 508/250/1 507/252/1 529/251/1
f 530/253/1 529/251/1 507/252/1
f 507/252/1 506/254/1 530/253/1
f 531/255/1 530/253/1 506/254/1
f 506/254/1 505/241/1 531/255/1
f 505/241/1 532/243/1 531/255/1
f 532/243/1 504/242/1 533/256/1
f 504/242/1 503/257/1 533/256/1
f 534/258/1 533/256/1 503/257/1
f 503/257/1 502/259/1 534/258/1
f 535/260/1 534/258/1 502/259/1
f 502/259/1 501/261/1 535/260/1
f 536/262/1 535/260/1 501/261/1
f 501/261/1 500/263/1 536/262/1
f 537/264/1 536/262/1 500/263/1
f 500/263/1 499/265/1 537/264/1
f 524/234/1 513/233/1 512/266/1
f 525/267/1 524/234/1 512/266/1
f 512/266/1 511/244/1 525/267/1
f 511/244/1 526/246/1 525/267/1
f 537/264/1 499/265/1 538/268/1
f 499/265/1 498/269/1 538/268/1
f 539/235/1 538/268/1 498/269/1
f 497/236/1 539/235/1 498/269/1
f 574/172/1 573/173/1 575/174/1
f 566/175/1 565/176/1 567/177/1
f 565/176/1 564/178/1 567/177/1
f 562/179/1 561/180/1 563/181/1
f 577/182/1 576/183/1 579/184/1
f 578/185/1 577/182/1 579/184/1
f 563/181/1 561/180/1 564/178/1
f 567/177/1 564/178/1 561/180/1
f 561/180/1 560/187/1 567/177/1
f 568/186/1 567/177/1 560/187/1
f 569/189/1 568/186/1 560/187/1
f 560/187/1 559/188/1 569/189/1
f 559/188/1 558/190/1 569/189/1
f 570/191/1 569/189/1 558/190/1
f 581/194/1 580/195/1 571/193/1
f 572/192/1 571/193/1 580/195/1
f 573/173/1 572/192/1 580/195/1
f 580/195/1 579/184/1 573/173/1
f 579/184/1 576/183/1 573/173/1
f 575/174/1 573/173/1 576/183/1
f 586/196/1 585/197/1 587/198/1
f 554/199/1 553/200/1 555/201/1
f 553/200/1 552/202/1 555/201/1
f 550/203/1 549/204/1 551/205/1
f 589/206/1 588/207/1 591/208/1
f 590/209/1 589/206/1 591/208/1
f 551/205/1 549/204/1 552/202/1
f 555/201/1 552/202/1 549/204/1
f 549/204/1 548/210/1 555/201/1
f 556/211/1 555/201/1 548/210/1
f 557/212/1 556/211/1 548/210/1
f 548/210/1 547/38/1 557/212/1
f 594/49/1 593/213/1 582/214/1
f 583/215/1 582/214/1 593/213/1
f 593/213/1 592/216/1 583/215/1
f 584/217/1 583/215/1 592/216/1
f 585/197/1 584/217/1 592/216/1
f 592/216/1 591/208/1 585/197/1
f 591/208/1 588/207/1 585/197/1
f 587/198/1 585/197/1 588/207/1
f 557/212/1 547/38/1 558/190/1
f 547/38/1 594/49/1 558/190/1
f 570/191/1 558/190/1 594/49/1
f 594/49/1 582/214/1 570/191/1
f 571/193/1 570/191/1 582/214/1
f 581/194/1 571/193/1 582/214/1
f 599/123/1 598/124/1 597/125/1
f 597/125/1 605/49/1 599/123/1
f 605/49/1 600/126/1 599/123/1
f 601/127/1 604/128/1 603/129/1
f 596/130/1 595/38/1 602/131/1
f 596/130/1 602/131/1 603/129/1
f 601/127/1 603/129/1 602/131/1
f 596/130/1 603/129/1 597/125/1
f 605/49/1 597/125/1 603/129/1
f 600/126/1 605/49/1 604/128/1
f 604/128/1 601/127/1 600/126/1
f 632/218/1 631/219/1 659/49/1
f 632/218/1 659/49/1 658/220/1
f 629/221/1 634/222/1 630/223/1
f 655/224/1 607/225/1 656/226/1
f 606/38/1 656/226/1 607/225/1
f 659/49/1 631/219/1 630/223/1
f 633/227/1 659/49/1 630/223/1
f 630/223/1 634/222/1 633/227/1
f 656/226/1 606/38/1 657/228/1
f 658/220/1 657/228/1 606/38/1
f 632/218/1 658/220/1 606/38/1
f 635/229/1 628/230/1 627/231/1
f 627/231/1 636/232/1 635/229/1
f 636/232/1 627/231/1 626/233/1
f 626/233/1 637/234/1 636/232/1
f 652/235/1 610/236/1 653/237/1
f 610/236/1 609/238/1 653/237/1
f 654/239/1 653/237/1 609/238/1
f 608/240/1 654/239/1 609/238/1
f 634/222/1 629/221/1 628/230/1
f 628/230/1 635/229/1 634/222/1
f 654/239/1 608/240/1 655/224/1
f 607/225/1 655/224/1 608/240/1
f 618/241/1 617/242/1 645/243/1
f 624/244/1 623/245/1 639/246/1
f 640/247/1 639/246/1 623/245/1
f 623/245/1 622/248/1 640/247/1
f 641/249/1 640/247/1 622/248/1
f 622/248/1 621/250/1 641/249/1
f 642/251/1 641/249/1 621/250/1
f 621/250/1 620/252/1 642/251/1
f 643/253/1 642/251/1 620/252/1
f 620/252/1 619/254/1 643/253/1
f 644/255/1 643/253/1 619/254/1
f 619/254/1 618/241/1 644/255/1
f 618/241/1 645/243/1 644/255/1
f 645/243/1 617/242/1 646/256/1
f 617/242/1 616/257/1 646/256/1
f 647/258/1 646/256/1 616/257/1
f 616/257/1 615/259/1 647/258/1
f 648/260/1 647/258/1 615/259/1
f 615/259/1 614/261/1 648/260/1
f 649/262/1 648/260/1 614/261/1
f 614/261/1 613/263/1 649/262/1
f 650/264/1 649/262/1 613/263/1
f 613/263/1 612/265/1 650/264/1
f 637/234/1 626/233/1 625/266/1
f 638/267/1 637/234/1 625/266/1
f 625/266/1 624/244/1 638/267/1
f 624/244/1 639/246/1 638/267/1
f 650/264/1 612/265/1 651/268/1
f 612/265/1 611/269/1 651/268/1
f 652/235/1 651/268/1 611/269/1
f 610/236/1 652/235/1 611/269/1
f 758/1/2 760/3/2 757/2/2
f 759/4/2 760/3/2 758/1/2
f 752/5/2 753/7/2 762/6/2
f 761/8/2 762/6/2 753/7/2
f 756/9/2 754/11/2 755/10/2
f 757/2/2 754/11/2 756/9/2
f 754/11/2 757/2/2 753/7/2
f 753/7/2 757/2/2 761/8/2
f 760/3/2 761/8/2 757/2/2
f 698/12/2 696/14/2 697/13/2
f 747/15/2 748/17/2 746/16/2
f 768/18/2 766/20/2 767/19/2
f 733/21/2 730/23/2 732/22/2
f 732/22/2 730/23/2 731/24/2
f 751/25/2 752/5/2 763/26/2
f 762/6/2 763/26/2 752/5/2
f 744/27/2 742/29/2 743/28/2
f 745/30/2 742/29/2 744/27/2
f 742/29/2 745/30/2 741/31/2
f 773/32/2 769/34/2 772/33/2
f 770/35/2 772/33/2 769/34/2
f 771/36/2 772/33/2 770/35/2
f 661/37/2 662/39/2 660/38/2
f 738/40/2 739/42/2 776/41/2
f 775/43/2 776/41/2 739/42/2
f 737/44/2 738/40/2 777/45/2
f 776/41/2 777/45/2 738/40/2
f 735/46/2 736/48/2 734/47/2
f 734/47/2 736/48/2 781/49/2
f 781/49/2 778/51/2 780/50/2
f 779/52/2 780/50/2 778/51/2
f 736/48/2 737/44/2 781/49/2
f 777/45/2 781/49/2 737/44/2
f 781/49/2 777/45/2 778/51/2
f 748/17/2 745/30/2 746/16/2
f 749/53/2 745/30/2 748/17/2
f 745/30/2 749/53/2 741/31/2
f 741/31/2 749/53/2 740/54/2
f 750/55/2 740/54/2 749/53/2
f 740/54/2 750/55/2 739/42/2
f 751/25/2 739/42/2 750/55/2
f 739/42/2 751/25/2 775/43/2
f 763/26/2 775/43/2 751/25/2
f 775/43/2 763/26/2 774/56/2
f 764/57/2 774/56/2 763/26/2
f 774/56/2 764/57/2 773/32/2
f 765/58/2 773/32/2 764/57/2
f 773/32/2 765/58/2 769/34/2
f 766/20/2 769/34/2 765/58/2
f 768/18/2 769/34/2 766/20/2
f 695/59/2 696/14/2 694/60/2
f 698/12/2 694/60/2 696/14/2
f 699/61/2 694/60/2 698/12/2
f 694/60/2 699/61/2 693/62/2
f 700/63/2 693/62/2 699/61/2
f 693/62/2 700/63/2 692/64/2
f 701/65/2 692/64/2 700/63/2
f 692/64/2 701/65/2 691/66/2
f 702/67/2 691/66/2 701/65/2
f 691/66/2 702/67/2 690/68/2
f 703/69/2 690/68/2 702/67/2
f 690/68/2 703/69/2 689/70/2
f 704/71/2 689/70/2 703/69/2
f 689/70/2 704/71/2 688/72/2
f 705/73/2 688/72/2 704/71/2
f 688/72/2 705/73/2 687/74/2
f 706/75/2 687/74/2 705/73/2
f 687/74/2 706/75/2 686/76/2
f 707/77/2 686/76/2 706/75/2
f 686/76/2 707/77/2 685/78/2
f 708/79/2 685/78/2 707/77/2
f 685/78/2 708/79/2 684/80/2
f 709/81/2 684/80/2 708/79/2
f 684/80/2 709/81/2 683/82/2
f 683/82/2 709/81/2 682/83/2
f 710/84/2 682/83/2 709/81/2
f 711/85/2 682/83/2 710/84/2
f 682/83/2 711/85/2 681/86/2
f 712/87/2 681/86/2 711/85/2
f 681/86/2 712/87/2 680/88/2
f 713/89/2 680/88/2 712/87/2
f 680/88/2 713/89/2 679/90/2
f 714/91/2 679/90/2 713/89/2
f 679/90/2 714/91/2 678/92/2
f 715/93/2 678/92/2 714/91/2
f 678/92/2 715/93/2 677/94/2
f 716/95/2 677/94/2 715/93/2
f 677/94/2 716/95/2 676/96/2
f 717/97/2 676/96/2 716/95/2
f 676/96/2 717/97/2 675/98/2
f 718/99/2 675/98/2 717/97/2
f 675/98/2 718/99/2 674/100/2
f 719/101/2 674/100/2 718/99/2
f 674/100/2 719/101/2 673/102/2
f 720/103/2 673/102/2 719/101/2
f 673/102/2 720/103/2 672/104/2
f 721/105/2 672/104/2 720/103/2
f 672/104/2 721/105/2 671/106/2
f 671/106/2 721/105/2 670/107/2
f 722/108/2 670/107/2 721/105/2
f 670/107/2 722/108/2 669/109/2
f 723/110/2 669/109/2 722/108/2
f 669/109/2 723/110/2 668/111/2
f 724/112/2 668/111/2 723/110/2
f 668/111/2 724/112/2 667/113/2
f 725/114/2 667/113/2 724/112/2
f 667/113/2 725/114/2 666/115/2
f 726/116/2 666/115/2 725/114/2
f 666/115/2 726/116/2 665/117/2
f 727/118/2 665/117/2 726/116/2
f 665/117/2 727/118/2 664/119/2
f 728/120/2 664/119/2 727/118/2
f 664/119/2 728/120/2 663/121/2
f 729/122/2 663/121/2 728/120/2
f 663/121/2 729/122/2 662/39/2
f 730/23/2 662/39/2 729/122/2
f 733/21/2 662/39/2 730/23/2
f 662/39/2 733/21/2 660/38/2
f 880/1/2 882/3/2 879/2/2
f 881/4/2 882/3/2 880/1/2
f 874/5/2 875/7/2 884/6/2
f 883/8/2 884/6/2 875/7/2
f 878/9/2 876/11/2 877/10/2
f 879/2/2 876/11/2 878/9/2
f 876/11/2 879/2/2 875/7/2
f 875/7/2 879/2/2 883/8/2
f 882/3/2 883/8/2 879/2/2
f 820/12/2 818/14/2 819/13/2
f 869/15/2 870/17/2 868/16/2
f 890/18/2 888/20/2 889/19/2
f 855/21/2 852/23/2 854/22/2
f 854/22/2 852/23/2 853/24/2
f 873/25/2 874/5/2 885/26/2
f 884/6/2 885/26/2 874/5/2
f 866/27/2 864/29/2 865/28/2
f 867/30/2 864/29/2 866/27/2
f 864/29/2 867/30/2 863/31/2
f 895/32/2 891/34/2 894/33/2
f 892/35/2 894/33/2 891/34/2
f 893/36/2 894/33/2 892/35/2
f 783/37/2 784/39/2 782/38/2
f 860/40/2 861/42/2 898/41/2
f 897/43/2 898/41/2 861/42/2
f 859/44/2 860/40/2 899/45/2
f 898/41/2 899/45/2 860/40/2
f 857/46/2 858/48/2 856/47/2
f 856/47/2 858/48/2 903/49/2
f 903/49/2 900/51/2 902/50/2
f 901/52/2 902/50/2 900/51/2
f 858/48/2 859/44/2 903/49/2
f 899/45/2 903/49/2 859/44/2
f 903/49/2 899/45/2 900/51/2
f 870/17/2 867/30/2 868/16/2
f 871/53/2 867/30/2 870/17/2
f 867/30/2 871/53/2 863/31/2
f 863/31/2 871/53/2 862/54/2
f 872/55/2 862/54/2 871/53/2
f 862/54/2 872/55/2 861/42/2
f 873/25/2 861/42/2 872/55/2
f 861/42/2 873/25/2 897/43/2
f 885/26/2 897/43/2 873/25/2
f 897/43/2 885/26/2 896/56/2
f 886/57/2 896/56/2 885/26/2
f 896/56/2 886/57/2 895/32/2
f 887/58/2 895/32/2 886/57/2
f 895/32/2 887/58/2 891/34/2
f 888/20/2 891/34/2 887/58/2
f 890/18/2 891/34/2 888/20/2
f 817/59/2 818/14/2 816/60/2
f 820/12/2 816/60/2 818/14/2
f 821/61/2 816/60/2 820/12/2
f 816/60/2 821/61/2 815/62/2
f 822/63/2 815/62/2 821/61/2
f 815/62/2 822/63/2 814/64/2
f 823/65/2 814/64/2 822/63/2
f 814/64/2 823/65/2 813/66/2
f 824/67/2 813/66/2 823/65/2
f 813/66/2 824/67/2 812/68/2
f 825/69/2 812/68/2 824/67/2
f 812/68/2 825/69/2 811/70/2
f 826/71/2 811/70/2 825/69/2
f 811/70/2 826/71/2 810/72/2
f 827/73/2 810/72/2 826/71/2
f 810/72/2 827/73/2 809/74/2
f 828/75/2 809/74/2 827/73/2
f 809/74/2 828/75/2 808/76/2
f 829/77/2 808/76/2 828/75/2
f 808/76/2 829/77/2 807/78/2
f 830/79/2 807/78/2 829/77/2
f 807/78/2 830/79/2 806/80/2
f 831/81/2 806/80/2 830/79/2
f 806/80/2 831/81/2 805/82/2
f 805/82/2 831/81/2 804/83/2
f 832/84/2 804/83/2 831/81/2
f 833/85/2 804/83/2 832/84/2
f 804/83/2 833/85/2 803/86/2
f 834/87/2 803/86/2 833/85/2
f 803/86/2 834/87/2 802/88/2
f 835/89/2 802/88/2 834/87/2
f 802/88/2 835/89/2 801/90/2
f 836/91/2 801/90/2 835/89/2
f 801/90/2 836/91/2 800/92/2
f 837/93/2 800/92/2 836/91/2
f 800/92/2 837/93/2 799/94/2
f 838/95/2 799/94/2 837/93/2
f 799/94/2 838/95/2 798/96/2
f 839/97/2 798/96/2 838/95/2
f 798/96/2 839/97/2 797/98/2
f 840/99/2 797/98/2 839/97/2
f 797/98/2 840/99/2 796/100/2
f 841/101/2 796/100/2 840/99/2
f 796/100/2 841/101/2 795/102/2
f 842/103/2 795/102/2 841/101/2
f 795/102/2 842/103/2 794/104/2
f 843/105/2 794/104/2 842/103/2
f 794/104/2 843/105/2 793/106/2
f 793/106/2 843/105/2 792/107/2
f 844/108/2 792/107/2 843/105/2
f 792/107/2 844/108/2 791/109/2
f 845/110/2 791/109/2 844/108/2
f 791/109/2 845/110/2 790/111/2
f 846/112/2 790/111/2 845/110/2
f 790/111/2 846/112/2 789/113/2
f 847/114/2 789/113/2 846/112/2
f 789/113/2 847/114/2 788/115/2
f 848/116/2 788/115/2 847/114/2
f 788/115/2 848/116/2 787/117/2
f 849/118/2 787/117/2 848/116/2
f 787/117/2 849/118/2 786/119/2
f 850/120/2 786/119/2 849/118/2
f 786/119/2 850/120/2 785/121/2
f 851/122/2 785/121/2 850/120/2
f 785/121/2 851/122/2 784/39/2
f 852/23/2 784/39/2 851/122/2
f 855/21/2 784/39/2 852/23/2
f 784/39/2 855/21/2 782/38/2
f 1002/1/2 1004/3/2 1001/2/2
f 1003/4/2 1004/3/2 1002/1/2
f 996/5/2 997/7/2 1006/6/2
f 1005/8/2 1006/6/2 997/7/2
f 1000/9/2 998/11/2 999/10/2
f 1001/2/2 998/11/2 1000/9/2
f 998/11/2 1001/2/2 997/7/2
f 997/7/2 1001/2/2 1005/8/2
f 1004/3/2 1005/8/2 1001/2/2
f 942/12/2 940/14/2 941/13/2
f 991/15/2 992/17/2 990/16/2
f 1012/18/2 1010/20/2 1011/19/2
f 977/21/2 974/23/2 976/22/2
f 976/22/2 974/23/2 975/24/2
f 995/25/2 996/5/2 1007/26/2
f 1006/6/2 1007/26/2 996/5/2
f 988/27/2 986/29/2 987/28/2
f 989/30/2 986/29/2 988/27/2
f 986/29/2 989/30/2 985/31/2
f 1017/32/2 1013/34/2 1016/33/2
f 1014/35/2 1016/33/2 1013/34/2
f 1015/36/2 1016/33/2 1014/35/2
f 905/37/2 906/39/2 904/38/2
f 982/40/2 983/42/2 1020/41/2
f 1019/43/2 1020/41/2 983/42/2
f 981/44/2 982/40/2 1021/45/2
f 1020/41/2 1021/45/2 982/40/2
f 979/46/2 980/48/2 978/47/2
f 978/47/2 980/48/2 1025/49/2
f 1025/49/2 1022/51/2 1024/50/2
f 1023/52/2 1024/50/2 1022/51/2
f 980/48/2 981/44/2 1025/49/2
f 1021/45/2 1025/49/2 981/44/2
f 1025/49/2 1021/45/2 1022/51/2
f 992/17/2 989/30/2 990/16/2
f 993/53/2 989/30/2 992/17/2
f 989/30/2 993/53/2 985/31/2
f 985/31/2 993/53/2 984/54/2
f 994/55/2 984/54/2 993/53/2
f 984/54/2 994/55/2 983/42/2
f 995/25/2 983/42/2 994/55/2
f 983/42/2 995/25/2 1019/43/2
f 1007/26/2 1019/43/2 995/25/2
f 1019/43/2 1007/26/2 1018/56/2
f 1008/57/2 1018/56/2 1007/26/2
f 1018/56/2 1008/57/2 1017/32/2
f 1009/58/2 1017/32/2 1008/57/2
f 1017/32/2 1009/58/2 1013/34/2
f 1010/20/2 1013/34/2 1009/58/2
f 1012/18/2 1013/34/2 1010/20/2
f 939/59/2 940/14/2 938/60/2
f 942/12/2 938/60/2 940/14/2
f 943/61/2 938/60/2 942/12/2
f 938/60/2 943/61/2 937/62/2
f 944/63/2 937/62/2 943/61/2
f 937/62/2 944/63/2 936/64/2
f 945/65/2 936/64/2 944/63/2
f 936/64/2 945/65/2 935/66/2
f 946/67/2 935/66/2 945/65/2
f 935/66/2 946/67/2 934/68/2
f 947/69/2 934/68/2 946/67/2
f 934/68/2 947/69/2 933/70/2
f 948/71/2 933/70/2 947/69/2
f 933/70/2 948/71/2 932/72/2
f 949/73/2 932/72/2 948/71/2
f 932/72/2 949/73/2 931/74/2
f 950/75/2 931/74/2 949/73/2
f 931/74/2 950/75/2 930/76/2
f 951/77/2 930/76/2 950/75/2
f 930/76/2 951/77/2 929/78/2
f 952/79/2 929/78/2 951/77/2
f 929/78/2 952/79/2 928/80/2
f 953/81/2 928/80/2 952/79/2
f 928/80/2 953/81/2 927/82/2
f 927/82/2 953/81/2 926/83/2
f 954/84/2 926/83/2 953/81/2
f 955/85/2 926/83/2 954/84/2
f 926/83/2 955/85/2 925/86/2
f 956/87/2 925/86/2 955/85/2
f 925/86/2 956/87/2 924/88/2
f 957/89/2 924/88/2 956/87/2
f 924/88/2 957/89/2 923/90/2
f 958/91/2 923/90/2 957/89/2
f 923/90/2 958/91/2 922/92/2
f 959/93/2 922/92/2 958/91/2
f 922/92/2 959/93/2 921/94/2
f 960/95/2 921/94/2 959/93/2
f 921/94/2 960/95/2 920/96/2
f 961/97/2 920/96/2 960/95/2
f 920/96/2 961/97/2 919/98/2
f 962/99/2 919/98/2 961/97/2
f 919/98/2 962/99/2 918/100/2
f 963/101/2 918/100/2 962/99/2
f 918/100/2 963/101/2 917/102/2
f 964/103/2 917/102/2 963/101/2
f 917/102/2 964/103/2 916/104/2
f 965/105/2 916/104/2 964/103/2
f 916/104/2 965/105/2 915/106/2
f 915/106/2 965/105/2 914/107/2
f 966/108/2 914/107/2 965/105/2
f 914/107/2 966/108/2 913/109/2
f 967/110/2 913/109/2 966/108/2
f 913/109/2 967/110/2 912/111/2
f 968/112/2 912/111/2 967/110/2
f 912/111/2 968/112/2 911/113/2
f 969/114/2 911/113/2 968/112/2
f 911/113/2 969/114/2 910/115/2
f 970/116/2 910/115/2 969/114/2
f 910/115/2 970/116/2 909/117/2
f 971/118/2 909/117/2 970/116/2
f 909/117/2 971/118/2 908/119/2
f 972/120/2 908/119/2 971/118/2
f 908/119/2 972/120/2 907/121/2
f 973/122/2 907/121/2 972/120/2
f 907/121/2 973/122/2 906/39/2
f 974/23/2 906/39/2 973/122/2
f 977/21/2 906/39/2 974/23/2
f 906/39/2 977/21/2 904/38/2
f 1030/123/2 1028/125/2 1029/124/2
f 1028/125/2 1030/123/2 1036/49/2
f 1036/49/2 1030/123/2 1031/126/2
f 1032/127/2 1034/129/2 1035/128/2
f 1027/130/2 1033/131/2 1026/38/2
f 1027/130/2 1034/129/2 1033/131/2
f 1032/127/2 1033/131/2 1034/129/2
f 1027/130/2 1028/125/2 1034/129/2
f 1036/49/2 1034/129/2 1028/125/2
f 1031/126/2 1035/128/2 1036/49/2
f 1035/128/2 1031/126/2 1032/127/2
f 1092/49/2 1060/133/2 1061/132/2
f 1063/134/2 1061/132/2 1062/93/2
f 1061/132/2 1063/134/2 1092/49/2
f 1064/135/2 1092/49/2 1063/134/2
f 1092/49/2 1064/135/2 1091/136/2
f 1059/123/2 1067/116/2 1068/137/2
f 1059/123/2 1066/138/2 1067/116/2
f 1065/139/2 1089/141/2 1090/140/2
f 1059/123/2 1060/133/2 1066/138/2
f 1092/49/2 1066/138/2 1060/133/2
f 1090/140/2 1091/136/2 1065/139/2
f 1064/135/2 1065/139/2 1091/136/2
f 1087/35/2 1088/143/2 1038/142/2
f 1037/38/2 1038/142/2 1088/143/2
f 1069/144/2 1057/71/2 1058/145/2
f 1070/127/2 1057/71/2 1069/144/2
f 1068/137/2 1058/145/2 1059/123/2
f 1058/145/2 1068/137/2 1069/144/2
f 1088/143/2 1089/141/2 1037/38/2
f 1065/139/2 1037/38/2 1089/141/2
f 1053/146/2 1074/147/2 1052/62/2
f 1075/148/2 1052/62/2 1074/147/2
f 1052/62/2 1075/148/2 1051/149/2
f 1076/150/2 1051/149/2 1075/148/2
f 1051/149/2 1076/150/2 1050/151/2
f 1050/151/2 1076/150/2 1049/152/2
f 1077/17/2 1049/152/2 1076/150/2
f 1049/152/2 1077/17/2 1048/125/2
f 1078/153/2 1048/125/2 1077/17/2
f 1048/125/2 1078/153/2 1047/83/2
f 1079/154/2 1047/83/2 1078/153/2
f 1080/155/2 1047/83/2 1079/154/2
f 1047/83/2 1080/155/2 1046/156/2
f 1081/129/2 1046/156/2 1080/155/2
f 1046/156/2 1081/129/2 1045/157/2
f 1082/4/2 1045/157/2 1081/129/2
f 1045/157/2 1082/4/2 1044/158/2
f 1044/158/2 1082/4/2 1043/159/2
f 1083/160/2 1043/159/2 1082/4/2
f 1043/159/2 1083/160/2 1042/106/2
f 1070/127/2 1056/161/2 1057/71/2
f 1071/162/2 1056/161/2 1070/127/2
f 1056/161/2 1071/162/2 1055/163/2
f 1072/44/2 1055/163/2 1071/162/2
f 1055/163/2 1072/44/2 1054/164/2
f 1073/165/2 1054/164/2 1072/44/2
f 1054/164/2 1073/165/2 1053/146/2
f 1053/146/2 1073/165/2 1074/147/2
f 1083/160/2 1084/166/2 1042/106/2
f 1042/106/2 1084/166/2 1041/167/2
f 1085/168/2 1041/167/2 1084/166/2
f 1041/167/2 1085/168/2 1040/169/2
f 1086/170/2 1040/169/2 1085/168/2
f 1040/169/2 1086/170/2 1039/171/2
f 1087/35/2 1039/171/2 1086/170/2
f 1038/142/2 1039/171/2 1087/35/2
f 1120/172/2 1121/174/2 1119/173/2
f 1112/175/2 1113/177/2 1111/176/2
f 1111/176/2 1113/177/2 1110/178/2
f 1108/179/2 1109/181/2 1107/180/2
f 1123/182/2 1125/184/2 1122/183/2
f 1124/185/2 1125/184/2 1123/182/2
f 1109/181/2 1110/178/2 1107/180/2
f 1113/177/2 1107/180/2 1110/178/2
f 1114/186/2 1107/180/2 1113/177/2
f 1107/180/2 1114/186/2 1106/187/2
f 1106/187/2 1114/186/2 1105/188/2
f 1115/189/2 1105/188/2 1114/186/2
f 1105/188/2 1115/189/2 1104/190/2
f 1116/191/2 1104/190/2 1115/189/2
f 1118/192/2 1127/194/2 1117/193/2
f 1127/194/2 1118/192/2 1126/195/2
f 1126/195/2 1118/192/2 1125/184/2
f 1119/173/2 1125/184/2 1118/192/2
f 1125/184/2 1119/173/2 1122/183/2
f 1121/174/2 1122/183/2 1119/173/2
f 1132/196/2 1133/198/2 1131/197/2
f 1100/199/2 1101/201/2 1099/200/2
f 1099/200/2 1101/201/2 1098/202/2
f 1096/203/2 1097/205/2 1095/204/2
f 1135/206/2 1137/208/2 1134/207/2
f 1136/209/2 1137/208/2 1135/206/2
f 1097/205/2 1098/202/2 1095/204/2
f 1101/201/2 1095/204/2 1098/202/2
f 1095/204/2 1101/201/2 1094/210/2
f 1102/211/2 1094/210/2 1101/201/2
f 1103/212/2 1094/210/2 1102/211/2
f 1094/210/2 1103/212/2 1093/38/2
f 1140/49/2 1128/214/2 1139/213/2
f 1129/215/2 1139/213/2 1128/214/2
f 1139/213/2 1129/215/2 1138/216/2
f 1130/217/2 1138/216/2 1129/215/2
f 1131/197/2 1138/216/2 1130/217/2
f 1138/216/2 1131/197/2 1137/208/2
f 1137/208/2 1131/197/2 1134/207/2
f 1133/198/2 1134/207/2 1131/197/2
f 1103/212/2 1104/190/2 1093/38/2
f 1093/38/2 1104/190/2 1140/49/2
f 1116/191/2 1140/49/2 1104/190/2
f 1140/49/2 1116/191/2 1128/214/2
f 1117/193/2 1128/214/2 1116/191/2
f 1127/194/2 1128/214/2 1117/193/2
f 1145/123/2 1143/125/2 1144/124/2
f 1143/125/2 1145/123/2 1151/49/2
f 1151/49/2 1145/123/2 1146/126/2
f 1147/127/2 1149/129/2 1150/128/2
f 1142/130/2 1148/131/2 1141/38/2
f 1142/130/2 1149/129/2 1148/131/2
f 1147/127/2 1148/131/2 1149/129/2
f 1142/130/2 1143/125/2 1149/129/2
f 1151/49/2 1149/129/2 1143/125/2
f 1146/126/2 1150/128/2 1151/49/2
f 1150/128/2 1146/126/2 1147/127/2
f 1178/218/2 1205/49/2 1177/219/2
f 1178/218/2 1204/220/2 1205/49/2
f 1175/221/2 1176/223/2 1180/222/2
f 1201/224/2 1202/226/2 1153/225/2
f 1152/38/2 1153/225/2 1202/226/2
f 1205/49/2 1176/223/2 1177/219/2
f 1179/227/2 1176/223/2 1205/49/2
f 1176/223/2 1179/227/2 1180/222/2
f 1202/226/2 1203/228/2 1152/38/2
f 1204/220/2 1152/38/2 1203/228/2
f 1178/218/2 1152/38/2 1204/220/2
f 1181/229/2 1173/231/2 1174/230/2
f 1173/231/2 1181/229/2 1182/232/2
f 1182/232/2 1172/233/2 1173/231/2
f 1172/233/2 1182/232/2 1183/234/2
f 1198/235/2 1199/237/2 1156/236/2
f 1156/236/2 1199/237/2 1155/238/2
f 1200/239/2 1155/238/2 1199/237/2
f 1154/240/2 1155/238/2 1200/239/2
f 1180/222/2 1174/230/2 1175/221/2
f 1174/230/2 1180/222/2 1181/229/2
f 1200/239/2 1201/224/2 1154/240/2
f 1153/225/2 1154/240/2 1201/224/2
f 1164/241/2 1191/243/2 1163/242/2
f 1170/244/2 1185/246/2 1169/245/2
f 1186/247/2 1169/245/2 1185/246/2
f 1169/245/2 1186/247/2 1168/248/2
f 1187/249/2 1168/248/2 1186/247/2
f 1168/248/2 1187/249/2 1167/250/2
f 1188/251/2 1167/250/2 1187/249/2
f 1167/250/2 1188/251/2 1166/252/2
f 1189/253/2 1166/252/2 1188/251/2
f 1166/252/2 1189/253/2 1165/254/2
f 1190/255/2 1165/254/2 1189/253/2
f 1165/254/2 1190/255/2 1164/241/2
f 1164/241/2 1190/255/2 1191/243/2
f 1191/243/2 1192/256/2 1163/242/2
f 1163/242/2 1192/256/2 1162/257/2
f 1193/258/2 1162/257/2 1192/256/2
f 1162/257/2 1193/258/2 1161/259/2
f 1194/260/2 1161/259/2 1193/258/2
f 1161/259/2 1194/260/2 1160/261/2
f 1195/262/2 1160/261/2 1194/260/2
f 1160/261/2 1195/262/2 1159/263/2
f 1196/264/2 1159/263/2 1195/262/2
f 1159/263/2 1196/264/2 1158/265/2
f 1183/234/2 1171/266/2 1172/233/2
f 1184/267/2 1171/266/2 1183/234/2
f 1171/266/2 1184/267/2 1170/244/2
f 1170/244/2 1184/267/2 1185/246/2
f 1196/264/2 1197/268/2 1158/265/2
f 1158/265/2 1197/268/2 1157/269/2
f 1198/235/2 1157/269/2 1197/268/2
f 1156/236/2 1157/269/2 1198/235/2
f 1233/172/2 1234/174/2 1232/173/2
f 1225/175/2 1226/177/2 1224/176/2
f 1224/176/2 1226/177/2 1223/178/2
f 1221/179/2 1222/181/2 1220/180/2
f 1236/182/2 1238/184/2 1235/183/2
f 1237/185/2 1238/184/2 1236/182/2
f 1222/181/2 1223/178/2 1220/180/2
f 1226/177/2 1220/180/2 1223/178/2
f 1220/180/2 1226/177/2 1219/187/2
f 1227/186/2 1219/187/2 1226/177/2
f 1228/189/2 1219/187/2 1227/186/2
f 1219/187/2 1228/189/2 1218/188/2
f 1218/188/2 1228/189/2 1217/190/2
f 1229/191/2 1217/190/2 1228/189/2
f 1240/194/2 1230/193/2 1239/195/2
f 1231/192/2 1239/195/2 1230/193/2
f 1232/173/2 1239/195/2 1231/192/2
f 1239/195/2 1232/173/2 1238/184/2
f 1238/184/2 1232/173/2 1235/183/2
f 1234/174/2 1235/183/2 1232/173/2
f 1245/196/2 1246/198/2 1244/197/2
f 1213/199/2 1214/201/2 1212/200/2
f 1212/200/2 1214/201/2 1211/202/2
f 1209/203/2 1210/205/2 1208/204/2
f 1248/206/2 1250/208/2 1247/207/2
f 1249/209/2 1250/208/2 1248/206/2
f 1210/205/2 1211/202/2 1208/204/2
f 1214/201/2 1208/204/2 1211/202/2
f 1208/204/2 1214/201/2 1207/210/2
f 1215/211/2 1207/210/2 1214/201/2
f 1216/212/2 1207/210/2 1215/211/2
f 1207/210/2 1216/212/2 1206/38/2
f 1253/49/2 1241/214/2 1252/213/2
f 1242/215/2 1252/213/2 1241/214/2
f 1252/213/2 1242/215/2 1251/216/2
f 1243/217/2 1251/216/2 1242/215/2
f 1244/197/2 1251/216/2 1243/217/2
f 1251/216/2 1244/197/2 1250/208/2
f 1250/208/2 1244/197/2 1247/207/2
f 1246/198/2 1247/207/2 1244/197/2
f 1216/212/2 1217/190/2 1206/38/2
f 1206/38/2 1217/190/2 1253/49/2
f 1229/191/2 1253/49/2 1217/190/2
f 1253/49/2 1229/191/2 1241/214/2
f 1230/193/2 1241/214/2 1229/191/2
f 1240/194/2 1241/214/2 1230/193/2
f 1258/123/2 1256/125/2 1257/124/2
f 1256/125/2 1258/123/2 1264/49/2
f 1264/49/2 1258/123/2 1259/126/2
f 1260/127/2 1262/129/2 1263/128/2
f 1255/130/2 1261/131/2 1254/38/2
f 1255/130/2 1262/129/2 1261/131/2
f 1260/127/2 1261/131/2 1262/129/2
f 1255/130/2 1256/125/2 1262/129/2
f 1264/49/2 1262/129/2 1256/125/2
f 1259/126/2 1263/128/2 1264/49/2
f 1263/128/2 1259/126/2 1260/127/2
f 1291/218/2 1318/49/2 1290/219/2
f 1291/218/2 1317/220/2 1318/49/2
f 1288/221/2 1289/223/2 1293/222/2
f 1314/224/2 1315/226/2 1266/225/2
f 1265/38/2 1266/225/2 1315/226/2
f 1318/49/2 1289/223/2 1290/219/2
f 1292/227/2 1289/223/2 1318/49/2
f 1289/223/2 1292/227/2 1293/222/2
f 1315/226/2 1316/228/2 1265/38/2
f 1317/220/2 1265/38/2 1316/228/2
f 1291/218/2 1265/38/2 1317/220/2
f 1294/229/2 1286/231/2 1287/230/2
f 1286/231/2 1294/229/2 1295/232/2
f 1295/232/2 1285/233/2 1286/231/2
f 1285/233/2 1295/232/2 1296/234/2
f 1311/235/2 1312/237/2 1269/236/2
f 1269/236/2 1312/237/2 1268/238/2
f 1313/239/2 1268/238/2 1312/237/2
f 1267/240/2 1268/238/2 1313/239/2
f 1293/222/2 1287/230/2 1288/221/2
f 1287/230/2 1293/222/2 1294/229/2
f 1313/239/2 1314/224/2 1267/240/2
f 1266/225/2 1267/240/2 1314/224/2
f 1277/241/2 1304/243/2 1276/242/2
f 1283/244/2 1298/246/2 1282/245/2
f 1299/247/2 1282/245/2 1298/246/2
f 1282/245/2 1299/247/2 1281/248/2
f 1300/249/2 1281/248/2 1299/247/2
f 1281/248/2 1300/249/2 1280/250/2
f 1301/251/2 1280/250/2 1300/249/2
f 1280/250/2 1301/251/2 1279/252/2
f 1302/253/2 1279/252/2 1301/251/2
f 1279/252/2 1302/253/2 1278/254/2
f 1303/255/2 1278/254/2 1302/253/2
f 1278/254/2 1303/255/2 1277/241/2
f 1277/241/2 1303/255/2 1304/243/2
f 1304/243/2 1305/256/2 1276/242/2
f 1276/242/2 1305/256/2 1275/257/2
f 1306/258/2 1275/257/2 1305/256/2
f 1275/257/2 1306/258/2 1274/259/2
f 1307/260/2 1274/259/2 1306/258/2
f 1274/259/2 1307/260/2 1273/261/2
f 1308/262/2 1273/261/2 1307/260/2
f 1273/261/2 1308/262/2 1272/263/2
f 1309/264/2 1272/263/2 1308/262/2
f 1272/263/2 1309/264/2 1271/265/2
f 1296/234/2 1284/266/2 1285/233/2
f 1297/267/2 1284/266/2 1296/234/2
f 1284/266/2 1297/267/2 1283/244/2
f 1283/244/2 1297/267/2 1298/246/2
f 1309/264/2 1310/268/2 1271/265/2
f 1271/265/2 1310/268/2 1270/269/2
f 1311/235/2 1270/269/2 1310/268/2
f 1269/236/2 1270/269/2 1311/235/2
s 1
f 1322/270/3 1319/38/4 1320/271/4
f 1324/272/5 1321/273/3 1322/270/3
f 1326/274/6 1323/275/5 1324/272/5
f 1328/276/7 1325/277/6 1326/274/6
f 1330/278/8 1327/279/7 1328/276/7
f 1332/280/9 1329/281/8 1330/278/8
f 1334/282/10 1331/283/9 1332/280/9
f 1336/284/11 1333/285/10 1334/282/10
f 1338/286/12 1335/287/11 1336/284/11
f 1340/288/13 1337/289/12 1338/286/12
f 1342/290/14 1339/291/13 1340/288/13
f 1344/292/15 1341/293/14 1342/290/14
f 1346/294/16 1343/295/15 1344/292/15
f 1348/296/17 1345/297/16 1346/294/16
f 1350/298/18 1347/299/17 1348/296/17
f 1352/300/19 1349/301/18 1350/298/18
f 1354/302/20 1351/303/19 1352/300/19
f 1356/304/21 1353/305/20 1354/302/20
f 1358/306/22 1355/307/21 1356/304/21
f 1360/308/23 1357/309/24 1358/306/22
f 1362/310/25 1359/311/23 1360/308/23
f 1364/312/26 1361/313/25 1362/310/25
f 1366/314/27 1363/315/26 1364/312/26
f 1368/316/28 1365/317/27 1366/314/27
f 1370/318/29 1367/319/28 1368/316/28
f 1372/320/30 1369/321/29 1370/318/29
f 1320/322/4 1371/323/30 1372/320/30
f 1376/270/31 1373/38/32 1374/271/32
f 1378/272/33 1375/273/31 1376/270/31
f 1380/274/34 1377/275/33 1378/272/33
f 1382/276/35 1379/277/34 1380/274/34
f 1384/278/36 1381/279/35 1382/276/35
f 1386/280/37 1383/281/38 1384/278/36
f 1388/282/39 1385/283/37 1386/280/37
f 1390/284/40 1387/285/39 1388/282/39
f 1392/286/41 1389/287/40 1390/284/40
f 1394/288/42 1391/289/41 1392/286/41
f 1396/290/43 1393/291/42 1394/288/42
f 1398/292/44 1395/293/43 1396/290/43
f 1400/294/45 1397/295/44 1398/292/44
f 1402/296/46 1399/297/45 1400/294/45
f 1404/298/47 1401/299/46 1402/296/46
f 1406/300/48 1403/301/47 1404/298/47
f 1408/302/49 1405/303/48 1406/300/48
f 1410/304/50 1407/305/49 1408/302/49
f 1412/306/51 1409/307/50 1410/304/50
f 1414/308/52 1411/309/51 1412/306/51
f 1416/310/53 1413/311/52 1414/308/52
f 1418/312/54 1415/313/53 1416/310/53
f 1420/314/55 1417/315/54 1418/312/54
f 1422/316/56 1419/317/55 1420/314/55
f 1424/318/57 1421/319/56 1422/316/56
f 1426/320/58 1423/321/57 1424/318/57
f 1374/322/32 1425/323/58 1426/320/58
f 1430/324/59 1427/38/59 1428/271/59
f 1432/325/60 1429/326/59 1430/324/59
f 1434/327/61 1431/328/61 1432/325/60
f 1436/329/62 1433/330/61 1434/327/61
f 1438/331/63 1435/126/62 1436/329/62
f 1440/332/64 1437/333/63 1438/331/63
f 1442/334/65 1439/335/66 1440/332/64
f 1428/322/59 1441/336/67 1442/334/65
f 1446/286/68 1443/38/69 1444/271/69
f 1448/304/70 1445/289/71 1446/286/68
f 1444/322/69 1447/307/72 1448/304/70
f 1452/337/73 1449/38/74 1450/271/74
f 1454/338/75 1451/339/73 1452/337/73
f 1456/340/76 1453/341/77 1454/338/75
f 1458/342/78 1455/343/76 1456/340/76
f 1460/344/57 1457/345/78 1458/342/78
f 1462/324/79 1459/346/57 1460/344/57
f 1464/347/80 1461/326/79 1462/324/79
f 1466/348/81 1463/349/80 1464/347/80
f 1468/350/82 1465/351/81 1466/348/81
f 1470/352/83 1467/353/82 1468/350/82
f 1472/354/84 1469/355/83 1470/352/83
f 1474/325/85 1471/356/84 1472/354/84
f 1476/357/86 1473/328/85 1474/325/85
f 1478/358/87 1475/359/86 1476/357/86
f 1480/360/88 1477/361/87 1478/358/87
f 1482/286/89 1479/362/88 1480/360/88
f 1484/363/29 1481/289/89 1482/286/89
f 1486/327/90 1483/364/29 1484/363/29
f 1488/365/91 1485/330/90 1486/327/90
f 1490/366/92 1487/367/91 1488/365/91
f 1492/368/93 1489/369/92 1490/366/92
f 1494/370/94 1491/371/93 1492/368/93
f 1496/372/95 1493/373/94 1494/370/94
f 1498/329/96 1495/374/95 1496/372/95
f 1500/375/97 1497/126/96 1498/329/96
f 1502/376/98 1499/377/97 1500/375/97
f 1504/378/99 1501/379/98 1502/376/98
f 1506/380/100 1503/381/99 1504/378/99
f 1508/382/30 1505/383/100 1506/380/100
f 1510/331/101 1507/384/30 1508/382/30
f 1512/385/102 1509/333/101 1510/331/101
f 1514/304/103 1511/386/102 1512/385/102
f 1516/387/104 1513/307/103 1514/304/103
f 1518/388/105 1515/389/104 1516/387/104
f 1520/390/106 1517/391/105 1518/388/105
f 1522/332/107 1519/392/106 1520/390/106
f 1524/393/108 1521/335/107 1522/332/107
f 1526/394/109 1523/395/108 1524/393/108
f 1528/396/110 1525/397/109 1526/394/109
f 1530/398/111 1527/399/110 1528/396/110
f 1532/400/58 1529/401/111 1530/398/111
f 1534/334/112 1531/402/58 1532/400/58
f 1536/403/113 1533/336/112 1534/334/112
f 1538/404/114 1535/405/113 1536/403/113
f 1540/406/115 1537/407/116 1538/404/114
f 1542/408/117 1539/409/118 1540/406/115
f 1544/410/119 1541/411/117 1542/408/117
f 1450/322/74 1543/412/119 1544/410/119
f 1548/270/3 1545/38/4 1546/271/4
f 1550/272/5 1547/273/3 1548/270/3
f 1552/274/6 1549/275/5 1550/272/5
f 1554/276/120 1551/277/6 1552/274/6
f 1556/278/8 1553/279/7 1554/276/120
f 1558/280/9 1555/281/8 1556/278/8
f 1560/282/10 1557/283/9 1558/280/9
f 1562/284/11 1559/285/10 1560/282/10
f 1564/286/12 1561/287/11 1562/284/11
f 1566/288/13 1563/289/12 1564/286/12
f 1568/290/14 1565/291/13 1566/288/13
f 1570/292/121 1567/293/14 1568/290/14
f 1572/294/16 1569/295/121 1570/292/121
f 1574/296/17 1571/297/16 1572/294/16
f 1576/298/18 1573/299/17 1574/296/17
f 1578/300/19 1575/301/18 1576/298/18
f 1580/302/20 1577/303/19 1578/300/19
f 1582/304/21 1579/305/20 1580/302/20
f 1584/306/22 1581/307/21 1582/304/21
f 1586/308/23 1583/309/24 1584/306/22
f 1588/310/25 1585/311/23 1586/308/23
f 1590/312/26 1587/313/25 1588/310/25
f 1592/314/27 1589/315/26 1590/312/26
f 1594/316/28 1591/317/27 1592/314/27
f 1596/318/29 1593/319/28 1594/316/28
f 1598/320/30 1595/321/29 1596/318/29
f 1546/322/4 1597/323/30 1598/320/30
f 1602/270/31 1599/38/32 1600/271/32
f 1604/272/33 1601/273/31 1602/270/31
f 1606/274/34 1603/275/33 1604/272/33
f 1608/276/35 1605/277/34 1606/274/34
f 1610/278/36 1607/279/35 1608/276/35
f 1612/280/37 1609/281/38 1610/278/36
f 1614/282/39 1611/283/37 1612/280/37
f 1616/284/40 1613/285/39 1614/282/39
f 1618/286/41 1615/287/122 1616/284/40
f 1620/288/42 1617/289/41 1618/286/41
f 1622/290/43 1619/291/42 1620/288/42
f 1624/292/44 1621/293/43 1622/290/43
f 1626/294/45 1623/295/44 1624/292/44
f 1628/296/46 1625/297/45 1626/294/45
f 1630/298/47 1627/299/46 1628/296/46
f 1632/300/48 1629/301/47 1630/298/47
f 1634/302/49 1631/303/48 1632/300/48
f 1636/304/50 1633/305/49 1634/302/49
f 1638/306/51 1635/307/50 1636/304/50
f 1640/308/52 1637/309/51 1638/306/51
f 1642/310/53 1639/311/52 1640/308/52
f 1644/312/54 1641/313/53 1642/310/53
f 1646/314/55 1643/315/54 1644/312/54
f 1648/316/56 1645/317/55 1646/314/55
f 1650/318/57 1647/319/56 1648/316/56
f 1652/320/58 1649/321/57 1650/318/57
f 1600/322/32 1651/323/58 1652/320/58
f 1656/324/59 1653/38/59 1654/271/59
f 1658/325/60 1655/326/59 1656/324/59
f 1660/327/61 1657/328/61 1658/325/60
f 1662/329/62 1659/330/61 1660/327/61
f 1664/331/63 1661/126/62 1662/329/62
f 1666/332/64 1663/333/63 1664/331/63
f 1668/334/65 1665/335/66 1666/332/64
f 1654/322/59 1667/336/67 1668/334/65
f 1672/286/68 1669/38/69 1670/271/69
f 1674/304/70 1671/289/71 1672/286/68
f 1670/322/69 1673/307/72 1674/304/70
f 1678/337/123 1675/38/74 1676/271/74
f 1680/338/77 1677/339/73 1678/337/123
f 1682/340/76 1679/341/77 1680/338/77
f 1684/342/78 1681/343/76 1682/340/76
f 1686/344/57 1683/345/78 1684/342/78
f 1688/324/79 1685/346/57 1686/344/57
f 1690/347/80 1687/326/79 1688/324/79
f 1692/348/81 1689/349/80 1690/347/80
f 1694/350/82 1691/351/81 1692/348/81
f 1696/352/83 1693/353/82 1694/350/82
f 1698/354/84 1695/355/83 1696/352/83
f 1700/325/85 1697/356/84 1698/354/84
f 1702/357/86 1699/328/85 1700/325/85
f 1704/358/87 1701/359/86 1702/357/86
f 1706/360/88 1703/361/87 1704/358/87
f 1708/286/89 1705/362/88 1706/360/88
f 1710/363/29 1707/289/124 1708/286/89
f 1712/327/90 1709/364/29 1710/363/29
f 1714/365/91 1711/330/90 1712/327/90
f 1716/366/92 1713/367/91 1714/365/91
f 1718/368/125 1715/369/92 1716/366/92
f 1720/370/94 1717/371/93 1718/368/125
f 1722/372/95 1719/373/94 1720/370/94
f 1724/329/96 1721/374/95 1722/372/95
f 1726/375/126 1723/126/127 1724/329/96
f 1728/376/98 1725/377/97 1726/375/126
f 1730/378/99 1727/379/128 1728/376/98
f 1732/380/100 1729/381/99 1730/378/99
f 1734/382/30 1731/383/100 1732/380/100
f 1736/331/101 1733/384/30 1734/382/30
f 1738/385/102 1735/333/101 1736/331/101
f 1740/304/103 1737/386/102 1738/385/102
f 1742/387/104 1739/307/103 1740/304/103
f 1744/388/105 1741/389/104 1742/387/104
f 1746/390/106 1743/391/105 1744/388/105
f 1748/332/107 1745/392/106 1746/390/106
f 1750/393/108 1747/335/107 1748/332/107
f 1752/394/109 1749/395/108 1750/393/108
f 1754/396/110 1751/397/109 1752/394/109
f 1756/398/111 1753/399/110 1754/396/110
f 1758/400/58 1755/401/129 1756/398/111
f 1760/334/112 1757/402/58 1758/400/58
f 1762/403/113 1759/336/112 1760/334/112
f 1764/404/116 1761/405/113 1762/403/113
f 1766/406/130 1763/407/116 1764/404/116
f 1768/408/117 1765/409/118 1766/406/130
f 1770/410/119 1767/411/117 1768/408/117
f 1676/322/74 1769/412/119 1770/410/119
f 1774/413/131 1771/38/132 1772/271/132
f 1776/414/133 1773/415/131 1774/413/131
f 1778/416/134 1775/417/133 1776/414/133
f 1780/418/135 1777/419/134 1778/416/134
f 1782/420/136 1779/421/135 1780/418/135
f 1784/422/137 1781/423/136 1782/420/136
f 1786/424/138 1783/425/137 1784/422/137
f 1788/426/139 1785/427/138 1786/424/138
f 1790/428/140 1787/429/139 1788/426/139
f 1792/430/141 1789/431/140 1790/428/140
f 1794/432/142 1791/433/143 1792/430/141
f 1796/434/144 1793/435/142 1794/432/142
f 1798/436/145 1795/437/146 1796/434/144
f 1800/438/147 1797/439/145 1798/436/145
f 1802/440/148 1799/441/147 1800/438/147
f 1804/442/149 1801/443/148 1802/440/148
f 1806/444/150 1803/445/149 1804/442/149
f 1808/446/151 1805/447/150 1806/444/150
f 1810/448/152 1807/449/151 1808/446/151
f 1812/450/153 1809/451/152 1810/448/152
f 1814/452/154 1811/453/153 1812/450/153
f 1816/454/155 1813/455/154 1814/452/154
f 1818/456/156 1815/457/155 1816/454/155
f 1820/458/57 1817/459/156 1818/456/156
f 1822/460/57 1819/461/57 1820/458/57
f 1824/462/29 1821/463/57 1822/460/57
f 1826/464/30 1823/465/29 1824/462/29
f 1828/466/157 1825/467/30 1826/464/30
f 1772/322/132 1827/468/157 1828/466/157
f 1832/270/158 1829/38/159 1830/271/159
f 1834/272/160 1831/273/158 1832/270/158
f 1836/274/161 1833/275/160 1834/272/160
f 1838/276/162 1835/277/161 1836/274/161
f 1840/278/163 1837/279/162 1838/276/162
f 1842/280/164 1839/281/163 1840/278/163
f 1844/282/165 1841/283/164 1842/280/164
f 1846/284/166 1843/285/167 1844/282/165
f 1848/286/168 1845/287/169 1846/284/166
f 1850/288/170 1847/289/168 1848/286/168
f 1852/290/171 1849/291/170 1850/288/170
f 1854/292/172 1851/293/171 1852/290/171
f 1856/294/173 1853/295/172 1854/292/172
f 1858/296/174 1855/297/173 1856/294/173
f 1860/298/175 1857/299/176 1858/296/174
f 1862/300/177 1859/301/178 1860/298/175
f 1864/302/179 1861/303/177 1862/300/177
f 1866/304/180 1863/305/179 1864/302/179
f 1868/306/181 1865/307/180 1866/304/180
f 1870/308/182 1867/309/181 1868/306/181
f 1872/310/183 1869/311/182 1870/308/182
f 1874/312/184 1871/313/183 1872/310/183
f 1876/314/185 1873/315/184 1874/312/184
f 1878/316/186 1875/317/185 1876/314/185
f 1880/318/57 1877/319/186 1878/316/186
f 1882/320/58 1879/321/57 1880/318/57
f 1830/322/159 1881/323/58 1882/320/58
f 1886/324/59 1883/38/59 1884/271/59
f 1888/325/60 1885/326/59 1886/324/59
f 1890/327/61 1887/328/61 1888/325/60
f 1892/329/62 1889/330/60 1890/327/61
f 1894/331/63 1891/126/62 1892/329/62
f 1896/332/64 1893/333/63 1894/331/63
f 1898/334/65 1895/335/66 1896/332/64
f 1884/322/59 1897/336/67 1898/334/65
f 1902/286/68 1899/38/69 1900/271/69
f 1904/304/70 1901/289/71 1902/286/68
f 1900/322/69 1903/307/72 1904/304/70
f 1908/469/187 1905/38/188 1906/271/189
f 1910/470/190 1907/471/187 1908/469/187
f 1912/472/191 1909/473/190 1910/470/190
f 1914/474/192 1911/475/193 1912/472/191
f 1916/476/194 1913/477/192 1914/474/192
f 1918/478/195 1915/479/194 1916/476/194
f 1920/480/196 1917/481/195 1918/478/195
f 1922/482/197 1919/483/198 1920/480/196
f 1924/484/199 1921/485/200 1922/482/197
f 1926/486/201 1923/487/199 1924/484/199
f 1928/488/202 1925/489/201 1926/486/201
f 1930/490/203 1927/491/202 1928/488/202
f 1932/492/204 1929/493/205 1930/490/203
f 1934/494/206 1931/495/207 1932/492/204
f 1936/496/208 1933/497/209 1934/494/206
f 1938/498/210 1935/499/208 1936/496/208
f 1940/500/211 1937/501/212 1938/498/210
f 1942/502/213 1939/503/211 1940/500/211
f 1944/504/214 1941/505/213 1942/502/213
f 1946/506/215 1943/507/216 1944/504/214
f 1948/508/217 1945/509/218 1946/506/215
f 1950/510/219 1947/511/217 1948/508/217
f 1952/512/220 1949/513/219 1950/510/219
f 1954/514/221 1951/515/220 1952/512/220
f 1956/516/222 1953/517/221 1954/514/221
f 1958/518/223 1955/519/224 1956/516/222
f 1960/520/225 1957/521/226 1958/518/223
f 1962/522/227 1959/523/228 1960/520/225
f 1964/524/229 1961/525/230 1962/522/227
f 1966/526/231 1963/527/229 1964/524/229
f 1968/528/232 1965/529/233 1966/526/231
f 1970/530/234 1967/531/235 1968/528/232
f 1972/532/236 1969/533/234 1970/530/234
f 1974/534/237 1971/535/238 1972/532/236
f 1976/536/239 1973/537/240 1974/534/237
f 1978/538/84 1975/539/241 1976/536/239
f 1980/329/242 1977/540/84 1978/538/84
f 1982/541/243 1979/126/244 1980/329/242
f 1984/542/245 1981/543/246 1982/541/243
f 1986/544/247 1983/545/248 1984/542/245
f 1988/546/249 1985/547/247 1986/544/247
f 1990/548/250 1987/549/249 1988/546/249
f 1992/550/251 1989/551/252 1990/548/250
f 1994/552/253 1991/553/251 1992/550/251
f 1996/554/254 1993/555/253 1994/552/253
f 1998/556/255 1995/557/256 1996/554/254
f 2000/558/257 1997/559/258 1998/556/255
f 2002/560/259 1999/561/260 2000/558/257
f 2004/562/261 2001/563/259 2002/560/259
f 2006/564/262 2003/565/261 2004/562/261
f 2008/566/263 2005/567/262 2006/564/262
f 2010/568/264 2007/569/263 2008/566/263
f 2012/570/265 2009/571/264 2010/568/264
f 2014/572/266 2011/573/267 2012/570/265
f 2016/574/268 2013/575/266 2014/572/266
f 2018/576/269 2015/577/268 2016/574/268
f 2020/578/270 2017/579/271 2018/576/269
f 2022/580/272 2019/581/273 2020/578/270
f 2024/582/274 2021/583/272 2022/580/272
f 2026/584/275 2023/585/274 2024/582/274
f 2028/586/276 2025/587/277 2026/584/275
f 2030/588/278 2027/589/279 2028/586/276
f 2032/590/280 2029/591/278 2030/588/278
f 2034/592/281 2031/593/280 2032/590/280
f 2036/594/282 2033/595/283 2034/592/281
f 2038/596/284 2035/597/285 2036/594/282
f 2040/598/286 2037/599/284 2038/596/284
f 2042/600/287 2039/601/286 2040/598/286
f 2044/602/288 2041/603/287 2042/600/287
f 2046/604/289 2043/605/290 2044/602/288
f 2048/606/291 2045/607/289 2046/604/289
f 2050/608/292 2047/609/291 2048/606/291
f 2052/610/106 2049/611/292 2050/608/292
f 1906/322/189 2051/612/106 2052/610/106
f 2056/337/293 2053/38/294 2054/271/295
f 2058/338/296 2055/339/297 2056/337/293
f 2060/340/298 2057/341/299 2058/338/296
f 2062/342/300 2059/343/298 2060/340/298
f 2064/344/301 2061/345/302 2062/342/300
f 2066/324/303 2063/346/57 2064/344/301
f 2068/347/304 2065/326/303 2066/324/303
f 2070/348/305 2067/349/304 2068/347/304
f 2072/350/306 2069/351/305 2070/348/305
f 2074/352/307 2071/353/306 2072/350/306
f 2076/354/84 2073/355/307 2074/352/307
f 2078/325/308 2075/356/84 2076/354/84
f 2080/357/309 2077/328/308 2078/325/308
f 2082/358/310 2079/359/311 2080/357/309
f 2084/360/312 2081/361/313 2082/358/310
f 2086/286/314 2083/362/312 2084/360/312
f 2088/363/315 2085/289/316 2086/286/314
f 2090/327/317 2087/364/318 2088/363/315
f 2092/365/319 2089/330/320 2090/327/317
f 2094/366/321 2091/367/319 2092/365/319
f 2096/368/322 2093/369/323 2094/366/321
f 2098/370/324 2095/371/322 2096/368/322
f 2100/372/95 2097/373/324 2098/370/324
f 2102/329/325 2099/374/326 2100/372/95
f 2104/375/327 2101/126/328 2102/329/325
f 2106/376/329 2103/377/330 2104/375/327
f 2108/378/331 2105/379/332 2106/376/329
f 2110/380/333 2107/381/334 2108/378/331
f 2112/382/30 2109/383/335 2110/380/333
f 2114/331/336 2111/384/30 2112/382/30
f 2116/385/337 2113/333/338 2114/331/336
f 2118/304/339 2115/386/337 2116/385/337
f 2120/387/340 2117/307/341 2118/304/339
f 2122/388/342 2119/389/343 2120/387/340
f 2124/390/106 2121/391/342 2122/388/342
f 2126/332/344 2123/392/106 2124/390/106
f 2128/393/345 2125/335/344 2126/332/344
f 2130/394/346 2127/395/347 2128/393/345
f 2132/396/348 2129/397/349 2130/394/346
f 2134/398/350 2131/399/348 2132/396/348
f 2136/400/58 2133/401/351 2134/398/350
f 2138/334/352 2135/402/58 2136/400/58
f 2140/403/353 2137/336/354 2138/334/352
f 2142/404/355 2139/405/356 2140/403/353
f 2144/406/357 2141/407/358 2142/404/355
f 2146/408/359 2143/409/357 2144/406/357
f 2148/410/360 2145/411/359 2146/408/359
f 2054/322/295 2147/412/360 2148/410/360
f 2152/469/187 2149/38/188 2150/271/189
f 2154/470/190 2151/471/187 2152/469/187
f 2156/472/193 2153/473/190 2154/470/190
f 2158/474/192 2155/475/191 2156/472/193
f 2160/476/194 2157/477/192 2158/474/192
f 2162/478/195 2159/479/194 2160/476/194
f 2164/480/198 2161/481/361 2162/478/195
f 2166/482/197 2163/483/196 2164/480/198
f 2168/484/199 2165/485/197 2166/482/197
f 2170/486/201 2167/487/362 2168/484/199
f 2172/488/202 2169/489/201 2170/486/201
f 2174/490/203 2171/491/202 2172/488/202
f 2176/492/363 2173/493/205 2174/490/203
f 2178/494/209 2175/495/363 2176/492/363
f 2180/496/208 2177/497/209 2178/494/209
f 2182/498/212 2179/499/208 2180/496/208
f 2184/500/364 2181/501/212 2182/498/212
f 2186/502/365 2183/503/211 2184/500/364
f 2188/504/366 2185/505/213 2186/502/365
f 2190/506/218 2187/507/214 2188/504/366
f 2192/508/367 2189/509/215 2190/506/218
f 2194/510/368 2191/511/369 2192/508/367
f 2196/512/220 2193/513/370 2194/510/368
f 2198/514/221 2195/515/220 2196/512/220
f 2200/516/222 2197/517/221 2198/514/221
f 2202/518/371 2199/519/224 2200/516/222
f 2204/520/225 2201/521/226 2202/518/371
f 2206/522/230 2203/523/372 2204/520/225
f 2208/524/229 2205/525/227 2206/522/230
f 2210/526/231 2207/527/229 2208/524/229
f 2212/528/232 2209/529/231 2210/526/231
f 2214/530/234 2211/531/232 2212/528/232
f 2216/532/236 2213/533/234 2214/530/234
f 2218/534/240 2215/535/236 2216/532/236
f 2220/536/241 2217/537/240 2218/534/240
f 2222/538/84 2219/539/241 2220/536/241
f 2224/329/244 2221/540/84 2222/538/84
f 2226/541/373 2223/126/244 2224/329/244
f 2228/542/374 2225/543/246 2226/541/373
f 2230/544/247 2227/545/248 2228/542/374
f 2232/546/375 2229/547/247 2230/544/247
f 2234/548/376 2231/549/249 2232/546/375
f 2236/550/251 2233/551/377 2234/548/376
f 2238/552/253 2235/553/378 2236/550/251
f 2240/554/256 2237/555/379 2238/552/253
f 2242/556/255 2239/557/256 2240/554/256
f 2244/558/260 2241/559/258 2242/556/255
f 2246/560/259 2243/561/257 2244/558/260
f 2248/562/261 2245/563/259 2246/560/259
f 2250/564/380 2247/565/261 2248/562/261
f 2252/566/381 2249/567/382 2250/564/380
f 2254/568/383 2251/569/384 2252/566/381
f 2256/570/267 2253/571/264 2254/568/383
f 2258/572/385 2255/573/267 2256/570/267
f 2260/574/386 2257/575/266 2258/572/385
f 2262/576/387 2259/577/268 2260/574/386
f 2264/578/273 2261/579/269 2262/576/387
f 2266/580/272 2263/581/270 2264/578/273
f 2268/582/274 2265/583/272 2266/580/272
f 2270/584/275 2267/585/274 2268/582/274
f 2272/586/279 2269/587/275 2270/584/275
f 2274/588/278 2271/589/279 2272/586/279
f 2276/590/388 2273/591/278 2274/588/278
f 2278/592/283 2275/593/280 2276/590/388
f 2280/594/282 2277/595/283 2278/592/283
f 2282/596/284 2279/597/285 2280/594/282
f 2284/598/286 2281/599/284 2282/596/284
f 2286/600/287 2283/601/286 2284/598/286
f 2288/602/290 2285/603/287 2286/600/287
f 2290/604/289 2287/605/290 2288/602/290
f 2292/606/291 2289/607/289 2290/604/289
f 2294/608/292 2291/609/291 2292/606/291
f 2296/610/106 2293/611/292 2294/608/292
f 2150/322/189 2295/612/106 2296/610/106
f 2300/337/297 2297/38/295 2298/271/295
f 2302/338/296 2299/339/297 2300/337/297
f 2304/340/389 2301/341/390 2302/338/296
f 2306/342/300 2303/343/391 2304/340/389
f 2308/344/57 2305/345/302 2306/342/300
f 2310/324/392 2307/346/57 2308/344/57
f 2312/347/304 2309/326/303 2310/324/392
f 2314/348/393 2311/349/304 2312/347/304
f 2316/350/394 2313/351/305 2314/348/393
f 2318/352/307 2315/353/306 2316/350/394
f 2320/354/84 2317/355/307 2318/352/307
f 2322/325/308 2319/356/84 2320/354/84
f 2324/357/309 2321/328/308 2322/325/308
f 2326/358/313 2323/359/311 2324/357/309
f 2328/360/312 2325/361/310 2326/358/313
f 2330/286/395 2327/362/312 2328/360/312
f 2332/363/29 2329/289/316 2330/286/395
f 2334/327/320 2331/364/29 2332/363/29
f 2336/365/396 2333/330/397 2334/327/320
f 2338/366/398 2335/367/319 2336/365/396
f 2340/368/322 2337/369/321 2338/366/398
f 2342/370/399 2339/371/400 2340/368/322
f 2344/372/326 2341/373/401 2342/370/399
f 2346/329/325 2343/374/95 2344/372/326
f 2348/375/330 2345/126/328 2346/329/325
f 2350/376/402 2347/377/330 2348/375/330
f 2352/378/331 2349/379/329 2350/376/402
f 2354/380/335 2351/381/331 2352/378/331
f 2356/382/30 2353/383/333 2354/380/335
f 2358/331/403 2355/384/30 2356/382/30
f 2360/385/337 2357/333/403 2358/331/403
f 2362/304/341 2359/386/404 2360/385/337
f 2364/387/343 2361/307/339 2362/304/341
f 2366/388/342 2363/389/343 2364/387/343
f 2368/390/106 2365/391/342 2366/388/342
f 2370/332/344 2367/392/106 2368/390/106
f 2372/393/345 2369/335/344 2370/332/344
f 2374/394/346 2371/395/345 2372/393/345
f 2376/396/405 2373/397/349 2374/394/346
f 2378/398/350 2375/399/348 2376/396/405
f 2380/400/58 2377/401/350 2378/398/350
f 2382/334/352 2379/402/58 2380/400/58
f 2384/403/406 2381/336/354 2382/334/352
f 2386/404/358 2383/405/406 2384/403/406
f 2388/406/357 2385/407/407 2386/404/358
f 2390/408/359 2387/409/357 2388/406/357
f 2392/410/119 2389/411/359 2390/408/359
f 2298/322/295 2391/412/360 2392/410/119
f 2396/469/187 2393/38/188 2394/271/189
f 2398/470/190 2395/471/187 2396/469/187
f 2400/472/191 2397/473/190 2398/470/190
f 2402/474/192 2399/475/193 2400/472/191
f 2404/476/194 2401/477/192 2402/474/192
f 2406/478/361 2403/479/194 2404/476/194
f 2408/480/196 2405/481/195 2406/478/361
f 2410/482/197 2407/483/198 2408/480/196
f 2412/484/362 2409/485/197 2410/482/197
f 2414/486/201 2411/487/199 2412/484/362
f 2416/488/202 2413/489/201 2414/486/201
f 2418/490/203 2415/491/408 2416/488/202
f 2420/492/363 2417/493/205 2418/490/203
f 2422/494/209 2419/495/363 2420/492/363
f 2424/496/208 2421/497/209 2422/494/209
f 2426/498/210 2423/499/409 2424/496/208
f 2428/500/211 2425/501/212 2426/498/210
f 2430/502/213 2427/503/364 2428/500/211
f 2432/504/214 2429/505/213 2430/502/213
f 2434/506/215 2431/507/216 2432/504/214
f 2436/508/217 2433/509/218 2434/506/215
f 2438/510/219 2435/511/217 2436/508/217
f 2440/512/220 2437/513/219 2438/510/219
f 2442/514/221 2439/515/220 2440/512/220
f 2444/516/224 2441/517/221 2442/514/221
f 2446/518/226 2443/519/222 2444/516/224
f 2448/520/372 2445/521/226 2446/518/226
f 2450/522/227 2447/523/372 2448/520/372
f 2452/524/229 2449/525/230 2450/522/227
f 2454/526/410 2451/527/229 2452/524/229
f 2456/528/235 2453/529/411 2454/526/410
f 2458/530/234 2455/531/232 2456/528/235
f 2460/532/236 2457/533/234 2458/530/234
f 2462/534/240 2459/535/236 2460/532/236
f 2464/536/241 2461/537/412 2462/534/240
f 2466/538/84 2463/539/241 2464/536/241
f 2468/329/244 2465/540/84 2466/538/84
f 2470/541/246 2467/126/244 2468/329/244
f 2472/542/245 2469/543/246 2470/541/246
f 2474/544/247 2471/545/245 2472/542/245
f 2476/546/249 2473/547/247 2474/544/247
f 2478/548/250 2475/549/413 2476/546/249
f 2480/550/251 2477/551/377 2478/548/250
f 2482/552/379 2479/553/251 2480/550/251
f 2484/554/254 2481/555/253 2482/552/379
f 2486/556/255 2483/557/256 2484/554/254
f 2488/558/257 2485/559/258 2486/556/255
f 2490/560/414 2487/561/257 2488/558/257
f 2492/562/261 2489/563/259 2490/560/414
f 2494/564/262 2491/565/261 2492/562/261
f 2496/566/263 2493/567/262 2494/564/262
f 2498/568/264 2495/569/263 2496/566/263
f 2500/570/265 2497/571/383 2498/568/264
f 2502/572/266 2499/573/267 2500/570/265
f 2504/574/268 2501/575/385 2502/572/266
f 2506/576/269 2503/577/268 2504/574/268
f 2508/578/270 2505/579/271 2506/576/269
f 2510/580/415 2507/581/270 2508/578/270
f 2512/582/416 2509/583/417 2510/580/415
f 2514/584/275 2511/585/274 2512/582/416
f 2516/586/279 2513/587/277 2514/584/275
f 2518/588/278 2515/589/279 2516/586/279
f 2520/590/280 2517/591/278 2518/588/278
f 2522/592/283 2519/593/388 2520/590/280
f 2524/594/285 2521/595/283 2522/592/283
f 2526/596/418 2523/597/282 2524/594/285
f 2528/598/286 2525/599/284 2526/596/418
f 2530/600/419 2527/601/286 2528/598/286
f 2532/602/288 2529/603/287 2530/600/419
f 2534/604/289 2531/605/290 2532/602/288
f 2536/606/291 2533/607/289 2534/604/289
f 2538/608/292 2535/609/291 2536/606/291
f 2540/610/106 2537/611/292 2538/608/292
f 2394/322/189 2539/612/106 2540/610/106
f 2544/337/297 2541/38/294 2542/271/295
f 2546/338/299 2543/339/297 2544/337/297
f 2548/340/298 2545/341/296 2546/338/299
f 2550/342/300 2547/343/298 2548/340/298
f 2552/344/57 2549/345/302 2550/342/300
f 2554/324/303 2551/346/57 2552/344/57
f 2556/347/304 2553/326/303 2554/324/303
f 2558/348/393 2555/349/420 2556/347/304
f 2560/350/306 2557/351/305 2558/348/393
f 2562/352/307 2559/353/306 2560/350/306
f 2564/354/84 2561/355/307 2562/352/307
f 2566/325/308 2563/356/84 2564/354/84
f 2568/357/309 2565/328/308 2566/325/308
f 2570/358/310 2567/359/309 2568/357/309
f 2572/360/421 2569/361/313 2570/358/310
f 2574/286/314 2571/362/312 2572/360/421
f 2576/363/29 2573/289/314 2574/286/314
f 2578/327/397 2575/364/29 2576/363/29
f 2580/365/319 2577/330/320 2578/327/397
f 2582/366/321 2579/367/319 2580/365/319
f 2584/368/322 2581/369/323 2582/366/321
f 2586/370/324 2583/371/322 2584/368/322
f 2588/372/95 2585/373/324 2586/370/324
f 2590/329/325 2587/374/326 2588/372/95
f 2592/375/330 2589/126/325 2590/329/325
f 2594/376/329 2591/377/330 2592/375/330
f 2596/378/422 2593/379/332 2594/376/329
f 2598/380/335 2595/381/334 2596/378/422
f 2600/382/30 2597/383/333 2598/380/335
f 2602/331/336 2599/384/30 2600/382/30
f 2604/385/337 2601/333/403 2602/331/336
f 2606/304/341 2603/386/337 2604/385/337
f 2608/387/340 2605/307/339 2606/304/341
f 2610/388/342 2607/389/343 2608/387/340
f 2612/390/106 2609/391/342 2610/388/342
f 2614/332/344 2611/392/106 2612/390/106
f 2616/393/345 2613/335/344 2614/332/344
f 2618/394/349 2615/395/347 2616/393/345
f 2620/396/348 2617/397/346 2618/394/349
f 2622/398/423 2619/399/348 2620/396/348
f 2624/400/58 2621/401/351 2622/398/423
f 2626/334/354 2623/402/58 2624/400/58
f 2628/403/353 2625/336/352 2626/334/354
f 2630/404/355 2627/405/406 2628/403/353
f 2632/406/357 2629/407/358 2630/404/355
f 2634/408/424 2631/409/425 2632/406/357
f 2636/410/360 2633/411/426 2634/408/424
f 2542/322/295 2635/412/119 2636/410/360
f 1322/270/3 1321/273/3 1319/38/4
f 1324/272/5 1323/275/5 1321/273/3
f 1326/274/6 1325/277/6 1323/275/5
f 1328/276/7 1327/279/7 1325/277/6
f 1330/278/8 1329/281/8 1327/279/7
f 1332/280/9 1331/283/9 1329/281/8
f 1334/282/10 1333/285/10 1331/283/9
f 1336/284/11 1335/287/11 1333/285/10
f 1338/286/12 1337/289/12 1335/287/11
f 1340/288/13 1339/291/13 1337/289/12
f 1342/290/14 1341/293/14 1339/291/13
f 1344/292/15 1343/295/15 1341/293/14
f 1346/294/16 1345/297/16 1343/295/15
f 1348/296/17 1347/299/17 1345/297/16
f 1350/298/18 1349/301/18 1347/299/17
f 1352/300/19 1351/303/19 1349/301/18
f 1354/302/20 1353/305/20 1351/303/19
f 1356/304/21 1355/307/21 1353/305/20
f 1358/306/22 1357/309/24 1355/307/21
f 1360/308/23 1359/311/23 1357/309/24
f 1362/310/25 1361/313/25 1359/311/23
f 1364/312/26 1363/315/26 1361/313/25
f 1366/314/27 1365/317/27 1363/315/26
f 1368/316/28 1367/319/28 1365/317/27
f 1370/318/29 1369/321/29 1367/319/28
f 1372/320/30 1371/323/30 1369/321/29
f 1320/322/4 1319/49/4 1371/323/30
f 1376/270/31 1375/273/31 1373/38/32
f 1378/272/33 1377/275/33 1375/273/31
f 1380/274/34 1379/277/34 1377/275/33
f 1382/276/35 1381/279/35 1379/277/34
f 1384/278/36 1383/281/38 1381/279/35
f 1386/280/37 1385/283/37 1383/281/38
f 1388/282/39 1387/285/39 1385/283/37
f 1390/284/40 1389/287/40 1387/285/39
f 1392/286/41 1391/289/41 1389/287/40
f 1394/288/42 1393/291/42 1391/289/41
f 1396/290/43 1395/293/43 1393/291/42
f 1398/292/44 1397/295/44 1395/293/43
f 1400/294/45 1399/297/45 1397/295/44
f 1402/296/46 1401/299/46 1399/297/45
f 1404/298/47 1403/301/47 1401/299/46
f 1406/300/48 1405/303/48 1403/301/47
f 1408/302/49 1407/305/49 1405/303/48
f 1410/304/50 1409/307/50 1407/305/49
f 1412/306/51 1411/309/51 1409/307/50
f 1414/308/52 1413/311/52 1411/309/51
f 1416/310/53 1415/313/53 1413/311/52
f 1418/312/54 1417/315/54 1415/313/53
f 1420/314/55 1419/317/55 1417/315/54
f 1422/316/56 1421/319/56 1419/317/55
f 1424/318/57 1423/321/57 1421/319/56
f 1426/320/58 1425/323/58 1423/321/57
f 1374/322/32 1373/49/32 1425/323/58
f 1430/324/59 1429/326/59 1427/38/59
f 1432/325/60 1431/328/61 1429/326/59
f 1434/327/61 1433/330/61 1431/328/61
f 1436/329/62 1435/126/62 1433/330/61
f 1438/331/63 1437/333/63 1435/126/62
f 1440/332/64 1439/335/66 1437/333/63
f 1442/334/65 1441/336/67 1439/335/66
f 1428/322/59 1427/49/59 1441/336/67
f 1446/286/68 1445/289/71 1443/38/69
f 1448/304/70 1447/307/72 1445/289/71
f 1444/322/69 1443/49/69 1447/307/72
f 1452/337/73 1451/339/73 1449/38/74
f 1454/338/75 1453/341/77 1451/339/73
f 1456/340/76 1455/343/76 1453/341/77
f 1458/342/78 1457/345/78 1455/343/76
f 1460/344/57 1459/346/57 1457/345/78
f 1462/324/79 1461/326/79 1459/346/57
f 1464/347/80 1463/349/80 1461/326/79
f 1466/348/81 1465/351/81 1463/349/80
f 1468/350/82 1467/353/82 1465/351/81
f 1470/352/83 1469/355/83 1467/353/82
f 1472/354/84 1471/356/84 1469/355/83
f 1474/325/85 1473/328/85 1471/356/84
f 1476/357/86 1475/359/86 1473/328/85
f 1478/358/87 1477/361/87 1475/359/86
f 1480/360/88 1479/362/88 1477/361/87
f 1482/286/89 1481/289/89 1479/362/88
f 1484/363/29 1483/364/29 1481/289/89
f 1486/327/90 1485/330/90 1483/364/29
f 1488/365/91 1487/367/91 1485/330/90
f 1490/366/92 1489/369/92 1487/367/91
f 1492/368/93 1491/371/93 1489/369/92
f 1494/370/94 1493/373/94 1491/371/93
f 1496/372/95 1495/374/95 1493/373/94
f 1498/329/96 1497/126/96 1495/374/95
f 1500/375/97 1499/377/97 1497/126/96
f 1502/376/98 1501/379/98 1499/377/97
f 1504/378/99 1503/381/99 1501/379/98
f 1506/380/100 1505/383/100 1503/381/99
f 1508/382/30 1507/384/30 1505/383/100
f 1510/331/101 1509/333/101 1507/384/30
f 1512/385/102 1511/386/102 1509/333/101
f 1514/304/103 1513/307/103 1511/386/102
f 1516/387/104 1515/389/104 1513/307/103
f 1518/388/105 1517/391/105 1515/389/104
f 1520/390/106 1519/392/106 1517/391/105
f 1522/332/107 1521/335/107 1519/392/106
f 1524/393/108 1523/395/108 1521/335/107
f 1526/394/109 1525/397/109 1523/395/108
f 1528/396/110 1527/399/110 1525/397/109
f 1530/398/111 1529/401/111 1527/399/110
f 1532/400/58 1531/402/58 1529/401/111
f 1534/334/112 1533/336/112 1531/402/58
f 1536/403/113 1535/405/113 1533/336/112
f 1538/404/114 1537/407/116 1535/405/113
f 1540/406/115 1539/409/118 1537/407/116
f 1542/408/117 1541/411/117 1539/409/118
f 1544/410/119 1543/412/119 1541/411/117
f 1450/322/74 1449/49/74 1543/412/119
f 1548/270/3 1547/273/3 1545/38/4
f 1550/272/5 1549/275/5 1547/273/3
f 1552/274/6 1551/277/6 1549/275/5
f 1554/276/120 1553/279/7 1551/277/6
f 1556/278/8 1555/281/8 1553/279/7
f 1558/280/9 1557/283/9 1555/281/8
f 1560/282/10 1559/285/10 1557/283/9
f 1562/284/11 1561/287/11 1559/285/10
f 1564/286/12 1563/289/12 1561/287/11
f 1566/288/13 1565/291/13 1563/289/12
f 1568/290/14 1567/293/14 1565/291/13
f 1570/292/121 1569/295/121 1567/293/14
f 1572/294/16 1571/297/16 1569/295/121
f 1574/296/17 1573/299/17 1571/297/16
f 1576/298/18 1575/301/18 1573/299/17
f 1578/300/19 1577/303/19 1575/301/18
f 1580/302/20 1579/305/20 1577/303/19
f 1582/304/21 1581/307/21 1579/305/20
f 1584/306/22 1583/309/24 1581/307/21
f 1586/308/23 1585/311/23 1583/309/24
f 1588/310/25 1587/313/25 1585/311/23
f 1590/312/26 1589/315/26 1587/313/25
f 1592/314/27 1591/317/27 1589/315/26
f 1594/316/28 1593/319/28 1591/317/27
f 1596/318/29 1595/321/29 1593/319/28
f 1598/320/30 1597/323/30 1595/321/29
f 1546/322/4 1545/49/4 1597/323/30
f 1602/270/31 1601/273/31 1599/38/32
f 1604/272/33 1603/275/33 1601/273/31
f 1606/274/34 1605/277/34 1603/275/33
f 1608/276/35 1607/279/35 1605/277/34
f 1610/278/36 1609/281/38 1607/279/35
f 1612/280/37 1611/283/37 1609/281/38
f 1614/282/39 1613/285/39 1611/283/37
f 1616/284/40 1615/287/122 1613/285/39
f 1618/286/41 1617/289/41 1615/287/122
f 1620/288/42 1619/291/42 1617/289/41
f 1622/290/43 1621/293/43 1619/291/42
f 1624/292/44 1623/295/44 1621/293/43
f 1626/294/45 1625/297/45 1623/295/44
f 1628/296/46 1627/299/46 1625/297/45
f 1630/298/47 1629/301/47 1627/299/46
f 1632/300/48 1631/303/48 1629/301/47
f 1634/302/49 1633/305/49 1631/303/48
f 1636/304/50 1635/307/50 1633/305/49
f 1638/306/51 1637/309/51 1635/307/50
f 1640/308/52 1639/311/52 1637/309/51
f 1642/310/53 1641/313/53 1639/311/52
f 1644/312/54 1643/315/54 1641/313/53
f 1646/314/55 1645/317/55 1643/315/54
f 1648/316/56 1647/319/56 1645/317/55
f 1650/318/57 1649/321/57 1647/319/56
f 1652/320/58 1651/323/58 1649/321/57
f 1600/322/32 1599/49/32 1651/323/58
f 1656/324/59 1655/326/59 1653/38/59
f 1658/325/60 1657/328/61 1655/326/59
f 1660/327/61 1659/330/61 1657/328/61
f 1662/329/62 1661/126/62 1659/330/61
f 1664/331/63 1663/333/63 1661/126/62
f 1666/332/64 1665/335/66 1663/333/63
f 1668/334/65 1667/336/67 1665/335/66
f 1654/322/59 1653/49/59 1667/336/67
f 1672/286/68 1671/289/71 1669/38/69
f 1674/304/70 1673/307/72 1671/289/71
f 1670/322/69 1669/49/69 1673/307/72
f 1678/337/123 1677/339/73 1675/38/74
f 1680/338/77 1679/341/77 1677/339/73
f 1682/340/76 1681/343/76 1679/341/77
f 1684/342/78 1683/345/78 1681/343/76
f 1686/344/57 1685/346/57 1683/345/78
f 1688/324/79 1687/326/79 1685/346/57
f 1690/347/80 1689/349/80 1687/326/79
f 1692/348/81 1691/351/81 1689/349/80
f 1694/350/82 1693/353/82 1691/351/81
f 1696/352/83 1695/355/83 1693/353/82
f 1698/354/84 1697/356/84 1695/355/83
f 1700/325/85 1699/328/85 1697/356/84
f 1702/357/86 1701/359/86 1699/328/85
f 1704/358/87 1703/361/87 1701/359/86
f 1706/360/88 1705/362/88 1703/361/87
f 1708/286/89 1707/289/124 1705/362/88
f 1710/363/29 1709/364/29 1707/289/124
f 1712/327/90 1711/330/90 1709/364/29
f 1714/365/91 1713/367/91 1711/330/90
f 1716/366/92 1715/369/92 1713/367/91
f 1718/368/125 1717/371/93 1715/369/92
f 1720/370/94 1719/373/94 1717/371/93
f 1722/372/95 1721/374/95 1719/373/94
f 1724/329/96 1723/126/127 1721/374/95
f 1726/375/126 1725/377/97 1723/126/127
f 1728/376/98 1727/379/128 1725/377/97
f 1730/378/99 1729/381/99 1727/379/128
f 1732/380/100 1731/383/100 1729/381/99
f 1734/382/30 1733/384/30 1731/383/100
f 1736/331/101 1735/333/101 1733/384/30
f 1738/385/102 1737/386/102 1735/333/101
f 1740/304/103 1739/307/103 1737/386/102
f 1742/387/104 1741/389/104 1739/307/103
f 1744/388/105 1743/391/105 1741/389/104
f 1746/390/106 1745/392/106 1743/391/105
f 1748/332/107 1747/335/107 1745/392/106
f 1750/393/108 1749/395/108 1747/335/107
f 1752/394/109 1751/397/109 1749/395/108
f 1754/396/110 1753/399/110 1751/397/109
f 1756/398/111 1755/401/129 1753/399/110
f 1758/400/58 1757/402/58 1755/401/129
f 1760/334/112 1759/336/112 1757/402/58
f 1762/403/113 1761/405/113 1759/336/112
f 1764/404/116 1763/407/116 1761/405/113
f 1766/406/130 1765/409/118 1763/407/116
f 1768/408/117 1767/411/117 1765/409/118
f 1770/410/119 1769/412/119 1767/411/117
f 1676/322/74 1675/49/74 1769/412/119
f 1774/413/131 1773/415/131 1771/38/132
f 1776/414/133 1775/417/133 1773/415/131
f 1778/416/134 1777/419/134 1775/417/133
f 1780/418/135 1779/421/135 1777/419/134
f 1782/420/136 1781/423/136 1779/421/135
f 1784/422/137 1783/425/137 1781/423/136
f 1786/424/138 1785/427/138 1783/425/137
f 1788/426/139 1787/429/139 1785/427/138
f 1790/428/140 1789/431/140 1787/429/139
f 1792/430/141 1791/433/143 1789/431/140
f 1794/432/142 1793/435/142 1791/433/143
f 1796/434/144 1795/437/146 1793/435/142
f 1798/436/145 1797/439/145 1795/437/146
f 1800/438/147 1799/441/147 1797/439/145
f 1802/440/148 1801/443/148 1799/441/147
f 1804/442/149 1803/445/149 1801/443/148
f 1806/444/150 1805/447/150 1803/445/149
f 1808/446/151 1807/449/151 1805/447/150
f 1810/448/152 1809/451/152 1807/449/151
f 1812/450/153 1811/453/153 1809/451/152
f 1814/452/154 1813/455/154 1811/453/153
f 1816/454/155 1815/457/155 1813/455/154
f 1818/456/156 1817/459/156 1815/457/155
f 1820/458/57 1819/461/57 1817/459/156
f 1822/460/57 1821/463/57 1819/461/57
f 1824/462/29 1823/465/29 1821/463/57
f 1826/464/30 1825/467/30 1823/465/29
f 1828/466/157 1827/468/157 1825/467/30
f 1772/322/132 1771/49/132 1827/468/157
f 1832/270/158 1831/273/158 1829/38/159
f 1834/272/160 1833/275/160 1831/273/158
f 1836/274/161 1835/277/161 1833/275/160
f 1838/276/162 1837/279/162 1835/277/161
f 1840/278/163 1839/281/163 1837/279/162
f 1842/280/164 1841/283/164 1839/281/163
f 1844/282/165 1843/285/167 1841/283/164
f 1846/284/166 1845/287/169 1843/285/167
f 1848/286/168 1847/289/168 1845/287/169
f 1850/288/170 1849/291/170 1847/289/168
f 1852/290/171 1851/293/171 1849/291/170
f 1854/292/172 1853/295/172 1851/293/171
f 1856/294/173 1855/297/173 1853/295/172
f 1858/296/174 1857/299/176 1855/297/173
f 1860/298/175 1859/301/178 1857/299/176
f 1862/300/177 1861/303/177 1859/301/178
f 1864/302/179 1863/305/179 1861/303/177
f 1866/304/180 1865/307/180 1863/305/179
f 1868/306/181 1867/309/181 1865/307/180
f 1870/308/182 1869/311/182 1867/309/181
f 1872/310/183 1871/313/183 1869/311/182
f 1874/312/184 1873/315/184 1871/313/183
f 1876/314/185 1875/317/185 1873/315/184
f 1878/316/186 1877/319/186 1875/317/185
f 1880/318/57 1879/321/57 1877/319/186
f 1882/320/58 1881/323/58 1879/321/57
f 1830/322/159 1829/49/159 1881/323/58
f 1886/324/59 1885/326/59 1883/38/59
f 1888/325/60 1887/328/61 1885/326/59
f 1890/327/61 1889/330/60 1887/328/61
f 1892/329/62 1891/126/62 1889/330/60
f 1894/331/63 1893/333/63 1891/126/62
f 1896/332/64 1895/335/66 1893/333/63
f 1898/334/65 1897/336/67 1895/335/66
f 1884/322/59 1883/49/59 1897/336/67
f 1902/286/68 1901/289/71 1899/38/69
f 1904/304/70 1903/307/72 1901/289/71
f 1900/322/69 1899/49/69 1903/307/72
f 1908/469/187 1907/471/187 1905/38/188
f 1910/470/190 1909/473/190 1907/471/187
f 1912/472/191 1911/475/193 1909/473/190
f 1914/474/192 1913/477/192 1911/475/193
f 1916/476/194 1915/479/194 1913/477/192
f 1918/478/195 1917/481/195 1915/479/194
f 1920/480/196 1919/483/198 1917/481/195
f 1922/482/197 1921/485/200 1919/483/198
f 1924/484/199 1923/487/199 1921/485/200
f 1926/486/201 1925/489/201 1923/487/199
f 1928/488/202 1927/491/202 1925/489/201
f 1930/490/203 1929/493/205 1927/491/202
f 1932/492/204 1931/495/207 1929/493/205
f 1934/494/206 1933/497/209 1931/495/207
f 1936/496/208 1935/499/208 1933/497/209
f 1938/498/210 1937/501/212 1935/499/208
f 1940/500/211 1939/503/211 1937/501/212
f 1942/502/213 1941/505/213 1939/503/211
f 1944/504/214 1943/507/216 1941/505/213
f 1946/506/215 1945/509/218 1943/507/216
f 1948/508/217 1947/511/217 1945/509/218
f 1950/510/219 1949/513/219 1947/511/217
f 1952/512/220 1951/515/220 1949/513/219
f 1954/514/221 1953/517/221 1951/515/220
f 1956/516/222 1955/519/224 1953/517/221
f 1958/518/223 1957/521/226 1955/519/224
f 1960/520/225 1959/523/228 1957/521/226
f 1962/522/227 1961/525/230 1959/523/228
f 1964/524/229 1963/527/229 1961/525/230
f 1966/526/231 1965/529/233 1963/527/229
f 1968/528/232 1967/531/235 1965/529/233
f 1970/530/234 1969/533/234 1967/531/235
f 1972/532/236 1971/535/238 1969/533/234
f 1974/534/237 1973/537/240 1971/535/238
f 1976/536/239 1975/539/241 1973/537/240
f 1978/538/84 1977/540/84 1975/539/241
f 1980/329/242 1979/126/244 1977/540/84
f 1982/541/243 1981/543/246 1979/126/244
f 1984/542/245 1983/545/248 1981/543/246
f 1986/544/247 1985/547/247 1983/545/248
f 1988/546/249 1987/549/249 1985/547/247
f 1990/548/250 1989/551/252 1987/549/249
f 1992/550/251 1991/553/251 1989/551/252
f 1994/552/253 1993/555/253 1991/553/251
f 1996/554/254 1995/557/256 1993/555/253
f 1998/556/255 1997/559/258 1995/557/256
f 2000/558/257 1999/561/260 1997/559/258
f 2002/560/259 2001/563/259 1999/561/260
f 2004/562/261 2003/565/261 2001/563/259
f 2006/564/262 2005/567/262 2003/565/261
f 2008/566/263 2007/569/263 2005/567/262
f 2010/568/264 2009/571/264 2007/569/263
f 2012/570/265 2011/573/267 2009/571/264
f 2014/572/266 2013/575/266 2011/573/267
f 2016/574/268 2015/577/268 2013/575/266
f 2018/576/269 2017/579/271 2015/577/268
f 2020/578/270 2019/581/273 2017/579/271
f 2022/580/272 2021/583/272 2019/581/273
f 2024/582/274 2023/585/274 2021/583/272
f 2026/584/275 2025/587/277 2023/585/274
f 2028/586/276 2027/589/279 2025/587/277
f 2030/588/278 2029/591/278 2027/589/279
f 2032/590/280 2031/593/280 2029/591/278
f 2034/592/281 2033/595/283 2031/593/280
f 2036/594/282 2035/597/285 2033/595/283
f 2038/596/284 2037/599/284 2035/597/285
f 2040/598/286 2039/601/286 2037/599/284
f 2042/600/287 2041/603/287 2039/601/286
f 2044/602/288 2043/605/290 2041/603/287
f 2046/604/289 2045/607/289 2043/605/290
f 2048/606/291 2047/609/291 2045/607/289
f 2050/608/292 2049/611/292 2047/609/291
f 2052/610/106 2051/612/106 2049/611/292
f 1906/322/189 1905/49/188 2051/612/106
f 2056/337/293 2055/339/297 2053/38/294
f 2058/338/296 2057/341/299 2055/339/297
f 2060/340/298 2059/343/298 2057/341/299
f 2062/342/300 2061/345/302 2059/343/298
f 2064/344/301 2063/346/57 2061/345/302
f 2066/324/303 2065/326/303 2063/346/57
f 2068/347/304 2067/349/304 2065/326/303
f 2070/348/305 2069/351/305 2067/349/304
f 2072/350/306 2071/353/306 2069/351/305
f 2074/352/307 2073/355/307 2071/353/306
f 2076/354/84 2075/356/84 2073/355/307
f 2078/325/308 2077/328/308 2075/356/84
f 2080/357/309 2079/359/311 2077/328/308
f 2082/358/310 2081/361/313 2079/359/311
f 2084/360/312 2083/362/312 2081/361/313
f 2086/286/314 2085/289/316 2083/362/312
f 2088/363/315 2087/364/318 2085/289/316
f 2090/327/317 2089/330/320 2087/364/318
f 2092/365/319 2091/367/319 2089/330/320
f 2094/366/321 2093/369/323 2091/367/319
f 2096/368/322 2095/371/322 2093/369/323
f 2098/370/324 2097/373/324 2095/371/322
f 2100/372/95 2099/374/326 2097/373/324
f 2102/329/325 2101/126/328 2099/374/326
f 2104/375/327 2103/377/330 2101/126/328
f 2106/376/329 2105/379/332 2103/377/330
f 2108/378/331 2107/381/334 2105/379/332
f 2110/380/333 2109/383/335 2107/381/334
f 2112/382/30 2111/384/30 2109/383/335
f 2114/331/336 2113/333/338 2111/384/30
f 2116/385/337 2115/386/337 2113/333/338
f 2118/304/339 2117/307/341 2115/386/337
f 2120/387/340 2119/389/343 2117/307/341
f 2122/388/342 2121/391/342 2119/389/343
f 2124/390/106 2123/392/106 2121/391/342
f 2126/332/344 2125/335/344 2123/392/106
f 2128/393/345 2127/395/347 2125/335/344
f 2130/394/346 2129/397/349 2127/395/347
f 2132/396/348 2131/399/348 2129/397/349
f 2134/398/350 2133/401/351 2131/399/348
f 2136/400/58 2135/402/58 2133/401/351
f 2138/334/352 2137/336/354 2135/402/58
f 2140/403/353 2139/405/356 2137/336/354
f 2142/404/355 2141/407/358 2139/405/356
f 2144/406/357 2143/409/357 2141/407/358
f 2146/408/359 2145/411/359 2143/409/357
f 2148/410/360 2147/412/360 2145/411/359
f 2054/322/295 2053/49/294 2147/412/360
f 2152/469/187 2151/471/187 2149/38/188
f 2154/470/190 2153/473/190 2151/471/187
f 2156/472/193 2155/475/191 2153/473/190
f 2158/474/192 2157/477/192 2155/475/191
f 2160/476/194 2159/479/194 2157/477/192
f 2162/478/195 2161/481/361 2159/479/194
f 2164/480/198 2163/483/196 2161/481/361
f 2166/482/197 2165/485/197 2163/483/196
f 2168/484/199 2167/487/362 2165/485/197
f 2170/486/201 2169/489/201 2167/487/362
f 2172/488/202 2171/491/202 2169/489/201
f 2174/490/203 2173/493/205 2171/491/202
f 2176/492/363 2175/495/363 2173/493/205
f 2178/494/209 2177/497/209 2175/495/363
f 2180/496/208 2179/499/208 2177/497/209
f 2182/498/212 2181/501/212 2179/499/208
f 2184/500/364 2183/503/211 2181/501/212
f 2186/502/365 2185/505/213 2183/503/211
f 2188/504/366 2187/507/214 2185/505/213
f 2190/506/218 2189/509/215 2187/507/214
f 2192/508/367 2191/511/369 2189/509/215
f 2194/510/368 2193/513/370 2191/511/369
f 2196/512/220 2195/515/220 2193/513/370
f 2198/514/221 2197/517/221 2195/515/220
f 2200/516/222 2199/519/224 2197/517/221
f 2202/518/371 2201/521/226 2199/519/224
f 2204/520/225 2203/523/372 2201/521/226
f 2206/522/230 2205/525/227 2203/523/372
f 2208/524/229 2207/527/229 2205/525/227
f 2210/526/231 2209/529/231 2207/527/229
f 2212/528/232 2211/531/232 2209/529/231
f 2214/530/234 2213/533/234 2211/531/232
f 2216/532/236 2215/535/236 2213/533/234
f 2218/534/240 2217/537/240 2215/535/236
f 2220/536/241 2219/539/241 2217/537/240
f 2222/538/84 2221/540/84 2219/539/241
f 2224/329/244 2223/126/244 2221/540/84
f 2226/541/373 2225/543/246 2223/126/244
f 2228/542/374 2227/545/248 2225/543/246
f 2230/544/247 2229/547/247 2227/545/248
f 2232/546/375 2231/549/249 2229/547/247
f 2234/548/376 2233/551/377 2231/549/249
f 2236/550/251 2235/553/378 2233/551/377
f 2238/552/253 2237/555/379 2235/553/378
f 2240/554/256 2239/557/256 2237/555/379
f 2242/556/255 2241/559/258 2239/557/256
f 2244/558/260 2243/561/257 2241/559/258
f 2246/560/259 2245/563/259 2243/561/257
f 2248/562/261 2247/565/261 2245/563/259
f 2250/564/380 2249/567/382 2247/565/261
f 2252/566/381 2251/569/384 2249/567/382
f 2254/568/383 2253/571/264 2251/569/384
f 2256/570/267 2255/573/267 2253/571/264
f 2258/572/385 2257/575/266 2255/573/267
f 2260/574/386 2259/577/268 2257/575/266
f 2262/576/387 2261/579/269 2259/577/268
f 2264/578/273 2263/581/270 2261/579/269
f 2266/580/272 2265/583/272 2263/581/270
f 2268/582/274 2267/585/274 2265/583/272
f 2270/584/275 2269/587/275 2267/585/274
f 2272/586/279 2271/589/279 2269/587/275
f 2274/588/278 2273/591/278 2271/589/279
f 2276/590/388 2275/593/280 2273/591/278
f 2278/592/283 2277/595/283 2275/593/280
f 2280/594/282 2279/597/285 2277/595/283
f 2282/596/284 2281/599/284 2279/597/285
f 2284/598/286 2283/601/286 2281/599/284
f 2286/600/287 2285/603/287 2283/601/286
f 2288/602/290 2287/605/290 2285/603/287
f 2290/604/289 2289/607/289 2287/605/290
f 2292/606/291 2291/609/291 2289/607/289
f 2294/608/292 2293/611/292 2291/609/291
f 2296/610/106 2295/612/106 2293/611/292
f 2150/322/189 2149/49/188 2295/612/106
f 2300/337/297 2299/339/297 2297/38/295
f 2302/338/296 2301/341/390 2299/339/297
f 2304/340/389 2303/343/391 2301/341/390
f 2306/342/300 2305/345/302 2303/343/391
f 2308/344/57 2307/346/57 2305/345/302
f 2310/324/392 2309/326/303 2307/346/57
f 2312/347/304 2311/349/304 2309/326/303
f 2314/348/393 2313/351/305 2311/349/304
f 2316/350/394 2315/353/306 2313/351/305
f 2318/352/307 2317/355/307 2315/353/306
f 2320/354/84 2319/356/84 2317/355/307
f 2322/325/308 2321/328/308 2319/356/84
f 2324/357/309 2323/359/311 2321/328/308
f 2326/358/313 2325/361/310 2323/359/311
f 2328/360/312 2327/362/312 2325/361/310
f 2330/286/395 2329/289/316 2327/362/312
f 2332/363/29 2331/364/29 2329/289/316
f 2334/327/320 2333/330/397 2331/364/29
f 2336/365/396 2335/367/319 2333/330/397
f 2338/366/398 2337/369/321 2335/367/319
f 2340/368/322 2339/371/400 2337/369/321
f 2342/370/399 2341/373/401 2339/371/400
f 2344/372/326 2343/374/95 2341/373/401
f 2346/329/325 2345/126/328 2343/374/95
f 2348/375/330 2347/377/330 2345/126/328
f 2350/376/402 2349/379/329 2347/377/330
f 2352/378/331 2351/381/331 2349/379/329
f 2354/380/335 2353/383/333 2351/381/331
f 2356/382/30 2355/384/30 2353/383/333
f 2358/331/403 2357/333/403 2355/384/30
f 2360/385/337 2359/386/404 2357/333/403
f 2362/304/341 2361/307/339 2359/386/404
f 2364/387/343 2363/389/343 2361/307/339
f 2366/388/342 2365/391/342 2363/389/343
f 2368/390/106 2367/392/106 2365/391/342
f 2370/332/344 2369/335/344 2367/392/106
f 2372/393/345 2371/395/345 2369/335/344
f 2374/394/346 2373/397/349 2371/395/345
f 2376/396/405 2375/399/348 2373/397/349
f 2378/398/350 2377/401/350 2375/399/348
f 2380/400/58 2379/402/58 2377/401/350
f 2382/334/352 2381/336/354 2379/402/58
f 2384/403/406 2383/405/406 2381/336/354
f 2386/404/358 2385/407/407 2383/405/406
f 2388/406/357 2387/409/357 2385/407/407
f 2390/408/359 2389/411/359 2387/409/357
f 2392/410/119 2391/412/360 2389/411/359
f 2298/322/295 2297/49/295 2391/412/360
f 2396/469/187 2395/471/187 2393/38/188
f 2398/470/190 2397/473/190 2395/471/187
f 2400/472/191 2399/475/193 2397/473/190
f 2402/474/192 2401/477/192 2399/475/193
f 2404/476/194 2403/479/194 2401/477/192
f 2406/478/361 2405/481/195 2403/479/194
f 2408/480/196 2407/483/198 2405/481/195
f 2410/482/197 2409/485/197 2407/483/198
f 2412/484/362 2411/487/199 2409/485/197
f 2414/486/201 2413/489/201 2411/487/199
f 2416/488/202 2415/491/408 2413/489/201
f 2418/490/203 2417/493/205 2415/491/408
f 2420/492/363 2419/495/363 2417/493/205
f 2422/494/209 2421/497/209 2419/495/363
f 2424/496/208 2423/499/409 2421/497/209
f 2426/498/210 2425/501/212 2423/499/409
f 2428/500/211 2427/503/364 2425/501/212
f 2430/502/213 2429/505/213 2427/503/364
f 2432/504/214 2431/507/216 2429/505/213
f 2434/506/215 2433/509/218 2431/507/216
f 2436/508/217 2435/511/217 2433/509/218
f 2438/510/219 2437/513/219 2435/511/217
f 2440/512/220 2439/515/220 2437/513/219
f 2442/514/221 2441/517/221 2439/515/220
f 2444/516/224 2443/519/222 2441/517/221
f 2446/518/226 2445/521/226 2443/519/222
f 2448/520/372 2447/523/372 2445/521/226
f 2450/522/227 2449/525/230 2447/523/372
f 2452/524/229 2451/527/229 2449/525/230
f 2454/526/410 2453/529/411 2451/527/229
f 2456/528/235 2455/531/232 2453/529/411
f 2458/530/234 2457/533/234 2455/531/232
f 2460/532/236 2459/535/236 2457/533/234
f 2462/534/240 2461/537/412 2459/535/236
f 2464/536/241 2463/539/241 2461/537/412
f 2466/538/84 2465/540/84 2463/539/241
f 2468/329/244 2467/126/244 2465/540/84
f 2470/541/246 2469/543/246 2467/126/244
f 2472/542/245 2471/545/245 2469/543/246
f 2474/544/247 2473/547/247 2471/545/245
f 2476/546/249 2475/549/413 2473/547/247
f 2478/548/250 2477/551/377 2475/549/413
f 2480/550/251 2479/553/251 2477/551/377
f 2482/552/379 2481/555/253 2479/553/251
f 2484/554/254 2483/557/256 2481/555/253
f 2486/556/255 2485/559/258 2483/557/256
f 2488/558/257 2487/561/257 2485/559/258
f 2490/560/414 2489/563/259 2487/561/257
f 2492/562/261 2491/565/261 2489/563/259
f 2494/564/262 2493/567/262 2491/565/261
f 2496/566/263 2495/569/263 2493/567/262
f 2498/568/264 2497/571/383 2495/569/263
f 2500/570/265 2499/573/267 2497/571/383
f 2502/572/266 2501/575/385 2499/573/267
f 2504/574/268 2503/577/268 2501/575/385
f 2506/576/269 2505/579/271 2503/577/268
f 2508/578/270 2507/581/270 2505/579/271
f 2510/580/415 2509/583/417 2507/581/270
f 2512/582/416 2511/585/274 2509/583/417
f 2514/584/275 2513/587/277 2511/585/274
f 2516/586/279 2515/589/279 2513/587/277
f 2518/588/278 2517/591/278 2515/589/279
f 2520/590/280 2519/593/388 2517/591/278
f 2522/592/283 2521/595/283 2519/593/388
f 2524/594/285 2523/597/282 2521/595/283
f 2526/596/418 2525/599/284 2523/597/282
f 2528/598/286 2527/601/286 2525/599/284
f 2530/600/419 2529/603/287 2527/601/286
f 2532/602/288 2531/605/290 2529/603/287
f 2534/604/289 2533/607/289 2531/605/290
f 2536/606/291 2535/609/291 2533/607/289
f 2538/608/292 2537/611/292 2535/609/291
f 2540/610/106 2539/612/106 2537/611/292
f 2394/322/189 2393/49/188 2539/612/106
f 2544/337/297 2543/339/297 2541/38/294
f 2546/338/299 2545/341/296 2543/339/297
f 2548/340/298 2547/343/298 2545/341/296
f 2550/342/300 2549/345/302 2547/343/298
f 2552/344/57 2551/346/57 2549/345/302
f 2554/324/303 2553/326/303 2551/346/57
f 2556/347/304 2555/349/420 2553/326/303
f 2558/348/393 2557/351/305 2555/349/420
f 2560/350/306 2559/353/306 2557/351/305
f 2562/352/307 2561/355/307 2559/353/306
f 2564/354/84 2563/356/84 2561/355/307
f 2566/325/308 2565/328/308 2563/356/84
f 2568/357/309 2567/359/309 2565/328/308
f 2570/358/310 2569/361/313 2567/359/309
f 2572/360/421 2571/362/312 2569/361/313
f 2574/286/314 2573/289/314 2571/362/312
f 2576/363/29 2575/364/29 2573/289/314
f 2578/327/397 2577/330/320 2575/364/29
f 2580/365/319 2579/367/319 2577/330/320
f 2582/366/321 2581/369/323 2579/367/319
f 2584/368/322 2583/371/322 2581/369/323
f 2586/370/324 2585/373/324 2583/371/322
f 2588/372/95 2587/374/326 2585/373/324
f 2590/329/325 2589/126/325 2587/374/326
f 2592/375/330 2591/377/330 2589/126/325
f 2594/376/329 2593/379/332 2591/377/330
f 2596/378/422 2595/381/334 2593/379/332
f 2598/380/335 2597/383/333 2595/381/334
f 2600/382/30 2599/384/30 2597/383/333
f 2602/331/336 2601/333/403 2599/384/30
f 2604/385/337 2603/386/337 2601/333/403
f 2606/304/341 2605/307/339 2603/386/337
f 2608/387/340 2607/389/343 2605/307/339
f 2610/388/342 2609/391/342 2607/389/343
f 2612/390/106 2611/392/106 2609/391/342
f 2614/332/344 2613/335/344 2611/392/106
f 2616/393/345 2615/395/347 2613/335/344
f 2618/394/349 2617/397/346 2615/395/347
f 2620/396/348 2619/399/348 2617/397/346
f 2622/398/423 2621/401/351 2619/399/348
f 2624/400/58 2623/402/58 2621/401/351
f 2626/334/354 2625/336/352 2623/402/58
f 2628/403/353 2627/405/406 2625/336/352
f 2630/404/355 2629/407/358 2627/405/406
f 2632/406/357 2631/409/425 2629/407/358
f 2634/408/424 2633/411/426 2631/409/425
f 2636/410/360 2635/412/119 2633/411/426
f 2542/322/295 2541/49/294 2635/412/119
